id,sequence,note
1,ATAGGCACACATGAAGCGGA,
2,TTTGCTGATAACTAGATCTA,
3,TTGCAGGCCGCGATCTGTGC,
4,GGTGGAGACTCCGAGTGTAG,
5,ACTTCAAGTACGAGAACCAG,
6,AATTGCATTCGGTTTCTATC,
7,GAGCTTTTTGGGGTGTGACC,
8,AGCCGGTGTTAGTAAGAAAT,
9,GAGCCGGTGTTAGTAAGAAA,
10,AACACCGGCTCAGAGCTTTT,
11,GCCACGGAAGAGGACGCACC,
12,TCGATCTCCCTTCAAGTACC,
13,AGGCCCAGCTGTGGCGCCCT,
14,AGCCGGTGTTAGTAAGAAA,
15,TGGGCACATGTGCACACAGC,
16,AACACTAGGCCTACTCTGAT,
17,TACAGCAACAAGACAGTACC,
18,TTGGACAAACTCAAGTAACC,
19,ATGACCTAGTATTCTGTACC,
20,GCCACACCTATCTCCTCACC,
21,GTAAGAACTTCTGACAAGCC,
22,GAAAATTATTGTAGTATGTG,
23,CCTGGCGGCTGTGTCTTCAC,
24,TATTCTAGGGTCACACAGCC,
25,GGGCATCCTGTCTTTTAATC,
26,GACAACTCCACGGAGAAACC,
27,TGTGCAGGAGGTAAGTCTGG,
28,TGTGCCTTACAGCAGTAGAA,
29,GGTAGGACATACTTCACCTA,
30,TAGTTAAGAACTACCTTCCC,
31,TCAAACAGTAACACTCTAAA,
32,AAAAAGCCTTCTGAGGTACC,
33,AAATCAGCAGCATTTCTATT,
34,GGCATCTCTCTGATACTAAA,
35,AGTTGGCTTTTGCATGACCC,
36,TTGTCTGTGGTACCCTACTC,
37,TGCATCTCTAACTCACTACC,
38,TATAAAATTAGAAAGTAATA,
39,CTGCAGTGGGAACTGATGCC,
40,GCCCACCGCTGCAGGCAGAA,
41,GCTGTGTGCACATGTGCCCA,
42,GGAAAGGGAACCCAGAAATC,
43,CCCGCAATTCCTCATACACC,
44,CTGCGATGGCTGGCACCATT,
45,GTTTAGGGGGAACATTTTGA,
46,GCCCAGCAACAATCCTGACC,
47,AGTCGACCATTAACAGGTGA,
48,CTTATTTTTCTTCATATCCC,
49,AAGGGCGCCGAGGTTACTAC,
50,TTTTAGGGTCAAATAAGTAC,
51,TAGCAAAGAATGTTCTGTCC,
52,AATGCAGATCCTGACTTCAC,
53,TGAGCAGGGCTGAGCTGAAC,
54,TTTGCAGCAACCTAATATTT,
55,AACTGTTGATTGTATTAGAT,
56,ATTAATGGCGAATATACAGG,
57,ATATGTCCCAAGCTTAGTTT,
58,TTGACCCTCGTCAGGTCCCC,
59,TTCAACGCTGTCGGTGAGTT,
60,GTCGTTTAGTCATATAGTGA,
61,GTTTCTGCTTTTAAAGGTAA,
62,CAACAGAAAGTGCTTTCTTT,
63,TAGATACAGGTGGGAGAGCA,
64,TCATGTATGATACTGCAAAC,
65,TGACAAAGACAATGTCATTC,
66,ATTTTCATAATGCAGTCACA,
67,CTGGACCATTAGAACCTCTA,
68,CTTAACTCGTTCATCCAAGG,
69,TGATCTCGGTGGACTGGAGT,
70,AATCTCCACGGGTAATCTGC,
71,ACACTCTTCACTTTCAAGAG,
72,TCCCCAAATACCATCACACC,
73,TGACTCATCAACTTTCAGTT,
74,CAAACACATACTGTATTGTC,
75,GTGCCTTACAGCAGTAGAAG,
76,AAGTGGAGCACATCAGTGAA,
77,TCAATTTTAAAGGCTTCTTT,
78,CGGCCCAGGGACTCTGATCC,
79,GCAGGCCGCATTCCGATCCC,
80,CTCTGATCAGGCAAAGTTGC,
81,TATTCTAGGGTCACACAGCG,
82,GTAACTGCAGAGACGTGACC,
83,ATGTTTAGGACCACTAGACC,
84,TATACACCCAACTCCCTCAC,
85,ACCATGATATCACACCTCCC,
86,TGATTGCCACTGTCTGCAGT,
87,CACTGTATATAAACATAATG,
88,AAGAAGGACACTGGTGTCAA,
89,TGAGTATTTTACTGAATCAG,
90,TCACACGGTAACACTCTAAA,
91,GGCGATCCTTATTTAACCC,
92,TATGAGACAATCCATTAGAT,
93,CAACCGCATCTTCAAATACC,
94,GATTGTCATATGTCGTTTGT,
95,CATCTCAAATAATGGAGACC,
96,TGCAAAAGTAACTGCAGTTT,
97,ACTGGGAAGTGCTTCGATTT,
98,TTTTTGTCAGTACATGTTAA,
99,CTACTCAACTTCTCATTTTC,
100,TGGATCAAGCAGCATTGTAC,
101,GCCCACAGGCACGACTGGTT,
102,TTATTAGACCTGCTTACAGT,
103,GGAAGCCATCAAGTCGCTGC,
104,CAGACTATATGCAGTGGACC,
105,CTGGTAGTTTTCATGAATCA,
106,GCCCTCGCTTCTACCAGCC,
107,TTAGCTGTACTATAAGTAGT,
108,GGTAGGCAATAAACCACCAA,
109,GGTCCTCTGCTGCCCCTACC,
110,GCTTCACTCACATGATGATC,
111,ACATCTACGCCTACTCTGAT,
112,GGAAAGTAACTTCTCTGTTT,
113,TAGCGAGGATTCCAACATTG,
114,CTTAAATACAGTAATGTCAT,
115,GGGAATTGACCTATTCAGAG,
116,CACGCAAAATGAACTGAACC,
117,TCAGCCTTGAGGGCACTTTC,
118,TGAAGCTCTGACATTCCTGC,
119,GCACAAGCTGCACTCCAACC,
120,GTAGAGTCAGAATTCTCATC,
121,GGCAGCCGTGGCCATCTTAC,
122,TCCCAGCTCCATCATCACAC,
123,TAACTTATGACTATGGTACC,
124,AGTTAAGCATACTCATTAGA,
125,TACGTGCAGCCCACCGCTGC,
126,CAGCCGTCCCGGAGGTAAGT,
127,GAGACCGTGCGACGGCGCAT,
128,GTTCATAACCCTTCGTACC,
129,GCCTCCAGGCCATTCCTCTC,
130,TGCAGTTTTTGCCATTATAA,
131,GAAAGACCCAACTTGCATCC,
132,CAGCGCCTGAACGCAGTGAC,
133,TGTCATTGTAATAGTTCATA,
134,GTAGTGCCGTACGGGTTCAC,
135,GCGAACGCCACGATTCCTCC,
136,AGCTTACCTGAAGTCAGAAC,
137,CGTGAGCATCAGGTATAACC,
138,GTGAGCTATGAACGGAGCAT,
139,AACAGTAACGCTCCAAAAGA,
140,GGAACAGGCCGTTGTAGAG,
141,AATCAGCTTAGGTACCAATT,
142,AGGCTCCAGGAACTCAGACC,
143,CAGTGAGGCTGACAGATGAG,
144,TACACCCACACCCAGAGCAC,
145,CCACTGCTCCTCTCTTTTCC,
146,CAGTCTAGACAAACAAACCC,
147,GAGTCACCCAGAAAACCATC,
148,CAGACAATATTAATGTGGAC,
149,GGACGCATCATCTGGTACGC,
150,TCGGAGTGTATCACAGAACC,
151,CCCCCTCCTCACACCTCTCC,
152,GTCAGTGGGACCTAGGCTAG,
153,TCAAAGAGTAACCCTCTGAA,
154,TACTACTTCAAATATCACAT,
155,CTCCTCCAAACCAGCCTCCC,
156,AGATTTAACTTCTCATTTTC,
157,TACATGATTAAACAATTCTC,
158,TTTGTATGAGATGGTTAAAA,
159,TTTGCAAACACTCTGCTGCC,
160,GTTTTTGCCATTACTTTTAC,
161,TGCCCATGGACTTAGCATAA,
162,GCAAACCCCACATGTCACTC,
163,CCACAACGTGCAGCACTTCT,
164,ATTTCCTGCTGCCTCTGACC,
165,GACCCGCGGCCTCCACGTC,
166,TCTCAATCATTGTATCCTTA,
167,TTGTGCTGTCACTGACCAGG,
168,CTCAAGCTGTGAGTCTACAA,
169,CTGAAGGCCGGATCTCACC,
170,TTTTTTTGCTGGAACATTTC,
171,CTGTCCCCAGTTTTCAGGTG,
172,CTTCTGACAAGCCAGGCTTC,
173,TTAATACTATCTCAAACTAA,
174,GCATTGACTTCTCTTTAGCT,
175,GGGAGGTCCACGAAATGAC,
176,CCATCATCCACGCCCTCCCA,
177,GGTACCATGATAACCGAAAA,
178,GAGTTTATGTTTTATCCAAC,
179,CAGTCCTCCATTTTAGAGGC,
180,GAAAATAGAGTCAAATGGAC,
181,ATATATCTACACAAGGCCAA,
182,AGAACCTGACTCTTGCACTC,
183,TGTCCTCTCCAACAATATCC,
184,ACTGCACGTCTGCCTTGTCC,
185,GAACGCTGCGAGCCCTGAG,
186,GCCCAGTCGTCGCGGGAACC,
187,TTATTTATGATTAATCATAG,
188,AGGACCACGAGCAACTCGCC,
189,TCCACAACTAACCCATAATA,
190,AGAGCCACGGCCGCCACCCC,
191,CCTAATTTTACACACAACTG,
192,CAAATCTCAGGTTCGAATCC,
193,TGTTTCTAATGTACTTCACC,
194,CACGCAAAATGAACTGTACC,
195,TCCACACTGACAAGGGCCGT,
196,ATTGATCCAGTTTTAGTTAA,
197,TCAAAATCTCAATGAGTGTG,
198,CCCAGGACTCTTTCATGACC,
199,CATACTTATGCTAAAAAATT,
200,AAGTGCTTCTTACCTCCAGA,
201,ACAAATCACAGTCTGCCATA,
202,CAGGAATTAGTAGGTAGGCC,
203,AGTACCATATGCCTTGTACC,
204,GCTATGTCTACGATGTCTGC,
205,TTGGAACTGCTGAGTGAATT,
206,CTCAAACAGTAACACTCTAA,
207,ACATTGTCAATTTCAATTTG,
208,CTGGAGTCTGGAGATGTGAC,
209,GCTAGACCTTGATTGCCACC,
210,GAAGTGTGGCACCGTAGAT,
211,TGCCTCCATGTTAAAGTAGA,
212,ACACATTTCCATAGCCCACT,
213,AAGTGCACAACATGTTTTTG,
214,TAAGATCCTTGAAGTTCCTG,
215,AACGCATGTCACTGGGCAGG,
216,TGTAAAAGTGCTTACAGTGC,
217,AAGCGTCTCTGCCTGCTTTT,
218,CTGATAAGCACGCCCAAAC,
219,GGACATTTTGCCCAGATCCG,
220,GGAGATATCGTAGACCGATA,
221,TTGGGACTCCTCTGTGCTAC,
222,CGGGTTAGGAAGCAAGACTG,
223,GATGTCAGTAGGGCTCAGTA,
224,CATGCCTCTACAAGCTACCT,
225,CATCCTACTCTGTAGGTTGT,
226,TGTGCTGCTACAGTACTTTA,
227,ATACTCTGTCACTTTACTTT,
228,GTTCCAGAGCCAGGTAGACC,
229,GTCCTGACAATTATTTAAC,
230,GTAAGGGGAAATACAGTATT,
231,ACTGATCTTGATGTCTGCCA,
232,GAGGGCGCGTTATCCGAAGC,
233,TTCACCAGAAACAGGAGTGG,
234,GGGAGTCCCTTTGTTGCTGC,
235,TTGTCGAGCCCCCTTGGTCC,
236,TGTGTTGAGTGGGAGGCAAC,
237,ATTGTTGTCTGGTATGTAGT,
238,CTGAAACTGCGCTGCCGAGC,
239,ATTAGTTTGAATTCATTAAC,
240,AAAGTTCTCTGAAGCCTACC,
241,GTGCTGGCATCCTGTCTTCC,
242,TATGCCAGGGTACCATATTT,
243,TGTTAGTGTTCAAGTCTACA,
244,AATAAATTAAATGCCTAAAC,
245,GTGTGATTTACAGCTCTGTC,
246,GCTCCACATTTGAGGCCCAC,
247,ATGGCCCATCCCAGCCCCCA,
248,GGGTAGGCCACAGACCAGAC,
249,TTATGTCGCTTGTCAGGGTG,
250,CACTTTATTTAGAACGTTTT,
251,AAGCCCAAAGGTGAATTTTT,
252,TGCTGGTCAGGAGTGGATAC,
253,TCACCCCTTCTACTGCTGTA,
254,GTATGTCCCAAACTAAGCTT,
255,GGTTGGTGCAAAAGAAACTG,
256,TAGTAATAAAGTCTCATGTA,
257,ATTGTATCATTCTTATATAG,
258,CTTTTGGATCCATTGTAGAT,
259,ATTAAGTGCATGCTCACCCG,
260,CCTACAAAATCCCTCCAGAC,
261,ATGTACACGAAGCTCACTCC,
262,TTTGCACTAACCTAATAGAA,
263,CTACCAACATACTTACTATT,
264,TTAGCCAATTGTCTATCTTT,
265,AAAAGGTAAGAAGAAACTCC,
266,AGGTCAAGCAGCATTGTACC,
267,TGAAAAGGAGAAAGAAGAAC,
268,TCACTAGGAGTTGCTTCTTA,
269,CCCTACCTTCAAGTTTACAG,
270,TATATTCTCCCAGCCCTTTA,
271,AAGTTCTTCACTTTAAAGAG,
272,AAAATTATTGTAGTATGTGT,
273,CCCTCAAAGTCCCGCTTTTG,
274,GGCAAGTCTCCGCATATGCC,
275,TTTACATGCTGCACAAAGCC,
276,TCTAAGAAGTGAAGACTTCT,
277,GGAGTTAAGATGGAAAAAAC,
278,TGAGCGCACAGAGGTAGGTG,
279,GAGGAGAAGCAGCAGAGAAT,
280,GTTCCTACAGGTTGAAACG,
281,CAAGCTCACACATCAGCTAG,
282,AAAGTGCAGTTGAGAGTACC,
283,AGCTGTCCCAACACCACCCC,
284,TGTCAGATGCTGTTGGAACC,
285,TTCTTCCTCTGTGCCATAGG,
286,TTTCGTTTCAGAACTATGCA,
287,AAAATTTCTTTCACTACTTA,
288,CAGAGTATAGACACAAATTT,
289,GACAAACCTCATTTCCTTTC,
290,GCACTATTCAACTTCAATCT,
291,CACTTGTCTACTTCCAGTAG,
292,GTTGGCTTTTGCATGACCCT,
293,TCTTCCAACCTCAGTCTCCC,
294,GGTCAACCAGTCACACACCC,
295,AAGTTCATTGTTCGACACCA,
296,TCTAACAGCCAATGAGTACC,
297,ATTCAGGCGGACAGAACTTA,
298,AGTCAGAGAACCCCGATGTT,
299,GTCTGTGGCACTCAGCCTTG,
300,TATGGGCATGTAAAAATAAG,
301,TTTTCTTTTGAACTATTCTT,
302,ATAAAATTTAAGAAAAGCCA,
303,CTTTCTCCTAAGGCAGTACC,
304,TGGTGATCACGTCCCTACAG,
305,CCAGCCCGTTTGTGGTATTT,
306,CTTCAGTCGGGTGGGATGTG,
307,TACACCGCGCTCTACGCCA,
308,ACATTGCCAGTGATTACCCA,
309,ACGAGTTTGCTTGTATCACA,
310,GCCACGGAAGAGGACGTACC,
311,GACCACCCCTAATATTATAT,
312,TAGCCATCGAGCCCCGACCC,
313,ATATGCACTATAAATATATT,
314,CATATGTATGTAGTAGTCAA,
315,AGAATCACCTTGTAGAGATA,
316,CAGTGCACGTGTCTCCAGTG,
317,TCTATATCGAAGTAGAATAC,
318,GGCACCTTTCTTTCGCATCG,
319,AATATTCTGAGTCACTAACT,
320,CTCTGTGATTGCCTCTGATC,
321,ATGGCAAGGGGGACTCCATC,
322,TTTATATCAAGGCACATAAA,
323,CACACAATAACGGGCCCAAA,
324,GGTACAGACACCGCCAGTGC,
325,ACTGACCGTTGACTGTACC,
326,TTATAATAAACTGAAATATT,
327,GGACAGCCTTCCCCCCAGTC,
328,TAGATGGCTACAGGTGACGC,
329,ACACATACTAACGCATAATA,
330,ATAGAGACCAATACGGACTG,
331,TCTCCCATTTAGAGGCAGAT,
332,TAACTTCAACACGTGAGCA,
333,TCAGGCTGTGTCCCTCTACA,
334,GTATAGTCGATAGGATCAAC,
335,CCCTCTGGCTCCCAGCTCTC,
336,ATCAGTTACACATCACTTCA,
337,AAGTTTGGACATAGTGTGGC,
338,TATAATAAACTGAAATATTT,
339,ATAAGTCTCTTTATATGTAC,
340,GGCCAACCGAGAATTGTGGC,
341,CACCTACGATACCCAGTGCC,
342,CTTTGAAACTTTAGAAAGGC,
343,TCACATAACAAGTGATAGAC,
344,CTCAAACCGTAATCCAGCAA,
345,ATCAAGGTCCGCTGTGAACA,
346,CTGACATTTTGTAACTTTGA,
347,CTCACTCTCGTACAGTGTAT,
348,AAGCCACCACACTTAAGTCA,
349,CGAGGAGTTAAGAGTTCATT,
350,AATATATGGAGGTCTCTGTC,
351,CTGTTGACAGGTGTGATCAG,
352,AGTACTGTAGCAGCACATCA,
353,AAAAATTTTCTTCTTAGACA,
354,CATCTCAGATCATTTTCCAA,
355,GAAACCTAAGAAGGTAAGGA,
356,CGGCTGAGCCCTTTGATAAG,
357,ATGGAACTGGGATGAGGTAG,
358,GAGCTGTGGAAGCAGTAACA,
359,TGCACCAACCTAATAGTACC,
360,AGAGGGGGGCCCTTCTAACC,
361,TAGATAACCAAAGAGAGAAA,
362,ATACTGCCGGAATGAGGATG,
363,CTGGTGCCCGCCGGAGTCC,
364,AGAAGTGGCCGGCATGTCCA,
365,ATTAGGCTAGAGCAGGCTTA,
366,GTGGCTAAGTTCCGCCCCCC,
367,GGTAGTTATAGGTGATGAGA,
368,GTAAAGTTGCCCACGATACC,
369,CCACATTTCTGAATAGGCCA,
370,CCCGCACGCTCGTGGCAGCC,
371,ATAGTCACAAAAGTGATCAT,
372,CCTTTGTCATCCTTCGCCTA,
373,CTAATAGAAAGTGTCACCCA,
374,TGTGATTAGGCCGCAGATCT,
375,GACAACTGTGCGTTATGAAG,
376,CAGAGACGATCACTGAACCC,
377,TAATCTCAAGTCTTCAGGTA,
378,GAGTGACCCTGCAGGTGGGA,
379,TGTTTTTTCCTGTTTCCTTC,
380,GGGAAAAGATTTCAGTGACC,
381,TCAATCCTTCACCACGTCTA,
382,GGCGGATCCGATGGAAGTAC,
383,GAGCGACGCTCGCGGCCAC,
384,TACACTTATATTACATATTC,
385,CTGTATTGTCAGGTAGTGAT,
386,TATTTACACATACACATATC,
387,TGGAGCAGCACAGCCAATAT,
388,GGAAGCCCCAACTGGTTCCC,
389,TCCCCCAGAACCGAGTCTGA,
390,CCTTCCCCTGAGGTCTAGAC,
391,TAGTTTTAGTAACTCTTGAC,
392,TCACACCTACAAGTCCAGAA,
393,AGCACGATATCACACCTCCC,
394,CTTGATGAAATACAGATTCC,
395,GTGTAGTGCCTTATTCAGGA,
396,CCGCAGCTGTCGCCCGTGTC,
397,AGTGCTGCCTTGTAGCATTC,
398,AAACTCCTTCAAGATCGCCG,
399,TTATAGCCAACTGCAGATCA,
400,GAGTCTGTGAAGTTACATCA,
401,TCAGTGATGAAAAACGGAGC,
402,TAAGAGGCGAGACCAAACAG,
403,AGTACCAAGCCCTCACCACC,
404,GCTGGGACAGGGATCACTTA,
405,GCGTTCTCTCCCCGCCCCCC,
406,TGGTCTCTGGTAAGAGATTT,
407,CAAAGCCTTCCTCTCTGAAT,
408,CAAGTCTCAGTTTTTGGAAG,
409,CAGAAGAAAGATCTGGAAGT,
410,TGGGGAAGATGATTATATGA,
411,AACTGTAGCTTTTGGCATGA,
412,GCTCTTACTTCTAAAAGGAC,
413,GACTGGGATGTCACTGAATA,
414,TGAATCCAGGTGTCTCCACA,
415,CAGTGCACCTTCATGAACCG,
416,GGTAGATATATGCACGATAT,
417,CCTATTCTGATCAATAAACA,
418,GGGGACGTAGCTGGCCAGAC,
419,ATGGACCTGAGTCTGAATCC,
420,AACTCAGCTTGTCAAATACA,
421,AAGTATATTTGGTCCACACC,
422,CCTGAAATAGGTTGCCTGTG,
423,TGGTAGGCAATAAACCACCA,
424,ATTTGAGACAGTGACAACTA,
425,TCTGGGCTCCACTCTCCATG,
426,GTGGAACACCCGCACGGAAG,
427,CTGCCACACCTCACACACG,
428,GCAACACAAACGAAATCACC,
429,GATTGTCACTCTCCAGAGTA,
430,GGAATTAACAGATACAGTAC,
431,GAAGTAAGTAATAAGCTAA,
432,AGGGACCAGAACATACTGTG,
433,TCTCAGTAAAAGAGGGCCTC,
434,TTGATTAATGGCGAATATAC,
435,ATTGTGGTTTCTGCTTTTAA,
436,AATCTTTTTACCTGGCCGTG,
437,TAGTTAGAGCTACACCCTAT,
438,CTTTCTGAATGCAATGCACC,
439,TAATTAGGCTAATATAAGTC,
440,GCTTGCTTTTAAAATGGAGC,
441,CAGTAATAACAACAAGAACA,
442,GAAATCTTGTCTCAGCTGAA,
443,TGTGTGCATGAGCGTGGACC,
444,TAGTTCTTTTTCTCCCTTGA,
445,CCACTGCACTCGCTCCAGCC,
446,TGGGGTTGAAATCGCAGACA,
447,AGCTCTGCAGAAGAAAGATC,
448,GGGCTTTACGAAAGGTCAC,
449,GGCCGGCACGACTAACCCC,
450,CTGCGGCCAACCGAGAATTG,
451,ATACTGTTCTACAGACAAAC,
452,CCCTGAATCCCTGTCCCAGC,
453,TTTAGTACGAAGAGATGTTC,
454,AACCTAATATTTGGCATCTA,
455,CTCGCCCTATAACAGTGGAC,
456,CAGGTCAAGCAGCATTGTAC,
457,GACAACAATGCCAACCTCAC,
458,ATTCGTTAGCAGTAATAAGT,
459,TCTGCTAGTCTGGACTGATA,
460,ATTATGTCACAAACACTTAC,
461,AGGAGCTTAGCAAGTAGCTA,
462,CATCCGCTCACCTGTACAGC,
463,CTGGCCGTGTGGTTAGTGAT,
464,TGTAGTTGCATTGCATGTTC,
465,TCTTCCTCTACACACACACC,
466,TTGCAAACTCGCTGAGCCCC,
467,CGTGCAAGCTGTGCCTTCTC,
468,TGAAGACTTCTTGGATTACA,
469,AGAAAGCGCTTCCCTTTAGA,
470,TGGTCCCGGGGGCCGAGAAC,
471,ACATCATAACCGATTTCAAA,
472,GCGCCTAAAGCCCTTAGGTC,
473,TAAACCTACAGGCAGGACTA,
474,GCGGTAATGGCCAGCTTAAA,
475,CGGCTGCAACACAAGACACG,
476,CACGCGGTGAATGCCAAGAG,
477,CTGGGCCCTGATGTCACCGC,
478,TCAATCACAAATGTCCTTAA,
479,CTTGGTGACTAATTAGAGTC,
480,CCTCCATGCTTGGAAAATGC,
481,AATTCTGTGGTTCTGATCAT,
482,TATGCGATGATGTGTTGTGA,
483,TTAAAGACTGTAGAGGCAAC,
484,CTTTCTCCTAAGGCAGTCCC,
485,GTGACCACGTAGTCTCTCAG,
486,AGCAGGATCCATTCAATAAT,
487,ACATCCGTCTGGTCCTGGAC,
488,TACCAATGTATTAGATGCTA,
489,TACATCGGATGAGCTGTGTC,
490,AGCTGCTGTTCCACCTCAGA,
491,CAGCTAGGGAAGAACTGTAT,
492,GCCCTCCGCCCGTGCACCCC,
493,CAGGGAAAATGAGGGACTTT,
494,GCGTATACCTATGGACCGAA,
495,TAGGGAAAAAACATGACAAC,
496,GCGCGCGCCGCCCGCAAAG,
497,TGTGTCTTACAGCTTCCAGT,
498,CCTGTGGAGCTCACTTTAGC,
499,GCTTTACACCAATGCCCTAG,
500,CTGCATGTCCTCAGGGAGTC,
501,CGCAAACTTGGCTACAATTC,
502,ATCATATTTTACTCCATGTG,
503,AGGGCTCCTCCATACCCACC,
504,TTTGGAAAAAGGTATTAGGT,
505,CGCTGGGTGAGAATGGGTAG,
506,AGCAGAACAGGAGCATAGAA,
507,TCCTTAAAATATTGATGAGT,
508,CTATACCCAGAAAACGTACC,
509,TGCACATTACTCTACTCAGA,
510,CCCGAAAAAGTAAGCACTCA,
511,GTGCGTCACAGGAAAGAACC,
512,GAGACACCTCCACTGAAACA,
513,TCTCCACCAAGGGCTCATCT,
514,GCATTCAGAATAGCTAAAGA,
515,TGCCCCAATCCCCTGTCCCC,
516,TTGTTCTAGGTATGGTCCCA,
517,CATGTGCAGGGCTGGCAGGG,
518,CTCCAAGGTACCTGAAAAGA,
519,TAAAACAAAAAGGAACCATC,
520,TATGTAGAAGCATGTATATC,
521,CCTGCCAGCACCTCCCTGCA,
522,CAGTGTGTCCTGAAATTCAC,
523,GACTTCAACATTATGAATTT,
524,GCTCCTACCATTAGAAGGGC,
525,GGATGAATCCTACATTTTTG,
526,TTAACTGTGCTGCTGAAGTA,
527,GGCCAGGACCCAGAGACAAA,
528,CTCGCTGTCGTTCGCACCG,
529,ATGGTATGTATCTGCTTTTC,
530,AGATAAGGAGTTGCTCCTTA,
531,ACCCTCCTCACTGCCCAACC,
532,ATATCTACTTACTGTAGGTA,
533,GCGTACTTTAGCGGATTAAC,
534,TTGGACGGTAAGGTTAAGCA,
535,TCTGACACGTGGACCTGGCT,
536,GCTGCGTGCTTCAATTCGC,
537,TATTTGTGCCGTTTGTGACC,
538,AACGGCTACTTCACAACACC,
539,GGTGTGATCCCACGCTCACT,
540,TGCTCTCCAGGGTAGCTGAG,
541,CAAGACCCCTCCTCCATCCC,
542,AAGATATTTCATCAGGCAAA,
543,GTGATACCCAGACCCTGGGA,
544,GGACGCGAAGAGCACCCAC,
545,TCCGGTGCAGCCTTGACAAC,
546,CTACTACTACTTTCATATGT,
547,GCAACGACGCCGCACCTGA,
548,CGACACCATGGATCTCCAGG,
549,ATATTACAGCATTCTAGATG,
550,TAGAATCCTGCCTCAGATTC,
551,AAGAATAGTTACTTGGCTTT,
552,TCAACACAGCAGAGTTTGTA,
553,CATTTCGGATTTTGGATTTT,
554,CACCTTCCCGACTTCTCCTG,
555,CTGTGATTAGGCCGCAGATC,
556,CTCAGGAACACTTCTGAACT,
557,GAGAGAAAGGCAGTTCCTGA,
558,TTGTTGGCTCTTTGTAAGGC,
559,ATTGGATCAGAACAAGTCTT,
560,TCCTGGCTGTGCCACTTACT,
561,CATCAGTGATTTTGTTGAAG,
562,GAAGGCGCAATGTCGAAAGC,
563,TATCCCATGAAGCAGTGGGT,
564,ACGTGACCTCCTGGGCCTGG,
565,TTTCCTCATCTATAAAATGA,
566,GGCCACCAAGAACGAAACAG,
567,AATGACGTGATCAAAACATT,
568,GTAAGTTCCTGATTAAGAAA,
569,CTAGAGAATCACCCTCAGAT,
570,GACGTTGGGTAATTATTCTA,
571,AATAGGAGCAGTGCCGGCCA,
572,TATTTATGGCGCACATTACA,
573,TGCACAGATCTCAGACATCT,
574,AGTTTCCCAGCCCAGACACA,
575,GGATCAAGACACATTTGGAG,
576,AGGTGCACATCATAGTCACC,
577,ATGTCTAATTTGAGCACCTT,
578,TGATTAATGGCGAATATACA,
579,GTATAGTTATCTCCTGAACA,
580,CTCAAACCGTAACACTCCAA,
581,GGTTTATACTCTATTAGATG,
582,AATCTGAAGAGGTAAGGCCC,
583,CTGAAAACGCGCTGGTAAGA,
584,GTAGAAAGGGAAGAGCTGTA,
585,GGTTGGCACAAAAGTTACTG,
586,GGTCAGAGGTGAGGGAAGAA,
587,ATTCCAGAACACTGCCATGA,
588,TCTGTCGTCGAGGCGCTCAC,
589,CATGTATAATTAAAAATGAT,
590,GGATTACAAGTGTCGGCCAC,
591,TGAAGATGAGCCTCCAACTC,
592,TGTCCTTTCTGCGTAGAGTA,
593,TCTGTAGTAAGATGGACTTG,
594,TATTTGTGACGAAACATTCG,
595,GAGACCCACATGCTGTGCCC,
596,ATTCTGGGAGGTTGTAGCAG,
597,TTAATTAAAAGGACTTCAGT,
598,CTCAAGCCTGCGGTTCCAAC,
599,GATGTGTTTGGAAGCCAGTG,
600,TGTGAAGTATTAAGCACTTA,
601,AATGACTCAGGTAAGTTGCA,
602,ACTGCAGCTGATTCAGTGAC,
603,CTTCAGCCACACGCTGCCCA,
604,GGATGTTTGAGCATGTGCTA,
605,AATCCCAATGCTAGACCTGG,
606,GCCGGTGTACTGGTATGCAG,
607,GCCGTTCGTGCGGAGCCTCC,
608,TAGCTGGGCTGAGCTAACCA,
609,CTCGTATGTCGCCTCGAGC,
610,AGAATTCAAATAGTCATGCT,
611,GTCATTTAAAAATTCAGGCC,
612,GGATTTATATGCAGTACTGA,
613,ACAGACAACATGTTTAAGGA,
614,TGTGTGTGTGAGATTTATGC,
615,CCTCCCCCCGTTTTTGGCAA,
616,GTCTATACCTAGTGAGCGTA,
617,TAAGCGACAATATGGAGGCC,
618,TATGAATATTATTGTATGTG,
619,AACCCAGAAAACCTCTCTTC,
620,ATCTGATCTTTACTGAGTGA,
621,GGTCGGTGCAAAAGTCATCA,
622,GTCGGTGAAGAGATATGAC,
623,TGCCTGACAAAGCTGTTCCC,
624,ACTCAAATCCTACGGCCTGC,
625,TGCAGCACTGCACCTCAGGC,
626,TGGCTCCCACACATCCCTCC,
627,CACAGTGCTTGATTGATAGG,
628,ACTTTATTTAGAACGTTTTA,
629,TGTCTGCACAATGAGCCAGT,
630,TGTGGCAAAATAGCAATGTA,
631,AATTTGATATTGAGAAGATG,
632,GGTGCGACCCGAGGCCCAA,
633,TTGCCTGCTGACACCGTACC,
634,GGGCAGCAGGCCCTAGCCCA,
635,TCTGCTTCACGCAAGCTGCC,
636,GATGAGTGGAAAATAACGG,
637,GCTTCATAGTCGCACCGTC,
638,TGTGTGATATGTTTGATATT,
639,TTTATGTGCCTTGATATAAA,
640,TTCCATCCGATGGGCTAATC,
641,TTCACACGTAAGAATATATT,
642,TCGTAATCAGCAGCTACATC,
643,TAAAATTGCTAATGAAGTTT,
644,GAGTGATCATGAGATGTACC,
645,GCACCAACCTAATAGTACTT,
646,TTAGGCACAACAGGATTGAG,
647,ACTAGGACCGTGGCTGAGTT,
648,AAGCAATGTGTGACAGGTAC,
649,ATATATACACTATATATATG,
650,ATGCCACATCCGTCTGGTCC,
651,TTTTCCTATATTCTATCTAT,
652,CATGTCATGGAAGTCACTGA,
653,GCTGTGATGTTCACGTGGAG,
654,GCTGCTATGGCCCCCTCCCA,
655,CAGACAGTGCTTCCATCTAG,
656,CTTACTGCACCAGTGAAGTC,
657,TTATTGAAAATAAGAGCTTT,
658,CTATGTTAGTTGGAAGGATC,
659,GAACCTTTCGAGCACTTGCC,
660,ACAACCTCCTACCTCAGCCC,
661,CTTATCCAACATCAACATCT,
662,TGACCTAGTATTCTGTACCA,
663,GGATAATGAGGCGGATGCCA,
664,GCACCTACGCCATTTGATG,
665,AGAGGGTGAGTAATTATTCT,
666,GACGACTGAATGTGGACCCC,
667,TCACGCTGGGCTGCGTCCAC,
668,CCTCCTTCAGAGCAACAGAG,
669,TTTTTAGGGCCCACATGTAT,
670,CTCAGAAGCCCTGCCCAGCA,
671,GGTGAGTAAACAGCTTGAC,
672,CGGGGCTGTGATTGACCAGC,
673,TCACAAAAGTGATCATTGGC,
674,GAACGCCTGTTCTTGCCAGG,
675,TGAAACGTAAGTGCTCATTT,
676,GAGGTGGTAGGATGTAGAGC,
677,CTCACGAATCCGGTAAGAC,
678,GCTGCTGAACATGGCCTTCA,
679,CATTGATGACATTGAACGCC,
680,ACTTGTCCCTTCAACTTTCC,
681,GACTCTGCCCCATCTCCACC,
682,GTATTTACCAAAAGTAATTT,
683,GCAACAGCTACATTGTCTGC,
684,GCATGGGAGGACTCCTAGTC,
685,TATTTACATGGCAAGAGATG,
686,GCCCTTTGGGGTGAGGTAGT,
687,GCCCGTCGGGTCCCCAACA,
688,AACGTTGCAGGTCGTCTTGC,
689,AAGGTGCCCCAGAAGTGGGC,
690,GCCCATGGAGATCACAGAGC,
691,GGACCGGTCGCTGCAAAATA,
692,CCTAAGATTTTCATCACCTA,
693,GCCCTTCGCGAATCTTTTTG,
694,GTTTCGAATCGAAAGACCA,
695,TTGGCTGGTCTCTGCTCCGC,
696,TATAGATGATGTACTAGTCC,
697,AGCACTGGCTGTCAATTCAT,
698,GATGGTAGACTATGGAACGT,
699,CTGCGACCTAGATGTATTCT,
700,TTATATGTACTGGAGCACAT,
701,TACCGCGTGCGCGATCGGGA,
702,CCATGAGTCCCCACTTTGAT,
703,CCGTCTGCTCATGTGCTCAA,
704,CTCCACCTGCAGCGACTTGA,
705,AGGGCATGCTCAGCTGACCC,
706,CAAATAAAGCGAAGGCAACA,
707,CTGACATGTCTTGAATGAG,
708,TTCCCAAAGTTGAGAAAAGC,
709,TAGCTGCTGTTCCACCTCAG,
710,ACTCCATCTCTGAACACTGA,
711,GCCCGCTGTGGGGACCCGCG,
712,ACTCAAAACTCATTGTTGAA,
713,TTAGAAAATGAAGTACCTTC,
714,CAACCGTAGAGGCAGGTTCC,
715,TCGGCCTATATTGGAGAATC,
716,GTCAGACTGTAGAATCTCTA,
717,CGACGTGGGGGCAGTGGCCC,
718,TGGCCTCGTTCAAGTAATCC,
719,AGAAAGTGCTTCCCTCTAGA,
720,GGCCCCTGTGAGCATCTTAC,
721,TATAGGAGCTTCTTGTTGTC,
722,TGTATTTTTCAGCAAGGCAA,
723,GGGTATTGTTTCCGCTGCCA,
724,CTGTCCGGTAAGATGCTCAC,
725,CCTTCATCAGGTCAGATAAA,
726,CTTACCGCACGCTCCACCGG,
727,AAACCCAGTGCCTTACTCTC,
728,CTACTTACAATTAGTTTTGC,
729,TTGAGTGACCTCGATGATAT,
730,AGGTGAGCTAAATGTGTGCT,
731,TATGGGAAAATCTGCCACTG,
732,AGCTGCCCAAACTCACCGAC,
733,GCTGTTCCTGCTGAAGCCCC,
734,AAATGAAAGAGGTGAGACTT,
735,CCGTGCTCGGAGCAGCGCCA,
736,CTCACACGGTAACACTCTAA,
737,AGTGGCTCAGGTTCGTTGCA,
738,CTGCAGAATTATTTTGAGAC,
739,ACGTGTACAGCAAAGAACAG,
740,TATGACTATGGTACCAGGAG,
741,ACTGAACGCCTGTTCTTGCC,
742,GAGAATGTCTATGGACAGAT,
743,GAGACTCTCGCTTCCTGCCC,
744,GGCGCACGGCTGAGAACCTA,
745,GAGCATGTCCTCAGAACCCC,
746,CTCTAGCAGCACGTAAATAT,
747,GGCCCAGGGGAAGGGAAGAC,
748,CTGATGCGGACCTGGGTTAG,
749,CAATTTCTGAATAAAATAAA,
750,AGAGCCAAAATAAGAAGTCC,
751,TCAAAGCGTTAACACTCTGA,
752,AGCACAGACCAAGATCCCTT,
753,ACTAATTGCAGATCCAAGTA,
754,TTACCATGATTAATTTCGTT,
755,CACTTCTCTGCACTCTGAGA,
756,GCGACAGCGCGGAAGACCAG,
757,AGATAGATAGGCCTTGTGTG,
758,AGAGATTGTTTCAACACTGA,
759,GTGCTTTCCAGCCCTGCTGT,
760,GGTACCAGTGACTGATACCT,
761,GGCAGCTTTGGCGCATACG,
762,TTGGGGCTTCCTGTATCTGC,
763,CACAATCACCTTCTGATCTG,
764,AAAATCACCAGGGATGGAGG,
765,TACAGGTCCTTTAGATTGTT,
766,GTGATTATCCGACCGCTTCA,
767,GGTTGTGGATTCTAGGCGC,
768,AAACGGACCATGCATAACCT,
769,GGCCATCACAGCATTGGAAT,
770,TAGATCTGGATTGGAACCCA,
771,ATCTGCAATTTGGGCTGGGC,
772,TCAACTCACTGTCTCACCAC,
773,GTGATACGGTTATGCAACAG,
774,CGGACAGCGCGCCGGCACCT,
775,GGTGTACAGGTGGAAGTAC,
776,CCTGGAGGCTGTGCCAGTCT,
777,GCTGTGTGCACAGGAGAATG,
778,TGAATAGTGAGCAACCCAGT,
779,GATTATGCTCCGATGATAC,
780,TTATGTTAAATCCCACTCAG,
781,AAGCCGCCGTGCAGACGACA,
782,AGAAATCTACATTGTATGCC,
783,GTAAGCATGTGCCGCACTTG,
784,GGTTTTGAATTTGCAGTAAC,
785,ACTGAGTTTAGTAATGGTAA,
786,GAAGACTTCTTGGATTACAG,
787,GAGGACAGTGGAGTGTGAGC,
788,CCGGCGGTTCGCATCAGCAC,
789,ACGCGGTGAATGCCAAGAAT,
790,TCATATTTTACTCCATGTGA,
791,CTTGATGTCTGCCAAAACCT,
792,TCTCACTTTGTTGCCCAGAT,
793,TACTTCTTTATATGCCCATA,
794,ATATTTAGGACAACAATATT,
795,CATAGATCTCGTCGCTTACT,
796,CTTGGGGGTTAGTGAGGACA,
797,AATTTATGACGAATCATACA,
798,TATAAAATTTAAGAAAAGCC,
799,AGATTAGAGGTATTGTTCAG,
800,CTTATGCTAAAAAACATTAT,
801,CTGATGTCCGACTGATCCTG,
802,GATATTAGAACCAGTTCTTC,
803,ATCTCTTTGCAGACCACTTC,
804,CTCGCGGTCCAGACGTGGCG,
805,GACTATAATCTCAAGTCTTC,
806,GTAAATTCCATTTCTTAATC,
807,TCAGCCCTGTGCTGAGCCCC,
808,CCAGTCATCCTGGCCCGAGA,
809,TTTTCTCTAAAGAAACTATT,
810,GCAAGACAATCAGAGTGACG,
811,TATTTATGATGAATCATACA,
812,AGTAAGAGTCTAAAGATCTC,
813,TCAAGTAGTTTCATGATAAA,
814,TGAGACTCCGGCTTTCAACA,
815,GACGATCAGCCGGGTTGGG,
816,GGTGGCAGCATCTCACCCTT,
817,GTGAATAATTTCTCCATGTC,
818,TTATCACAATCAGTTTTGCA,
819,CAAAGTAATTCAAGTAATTC,
820,TGGTTGAAGGGGATGAAGAA,
821,TTTATCCAGAAGCAAGTGGC,
822,GCGAATCGGCCTCCGACCCC,
823,TGGGGCTGGTTGTCTAGTGC,
824,CTCAAGCGTTTCATGATAAA,
825,GCGGCGAGGCCCCTAGCCAG,
826,GCCGAGCAGACGGCAAGAG,
827,CTATGGCGGACCGTCGCGC,
828,GACAAATGGATCCACGGCAG,
829,AGAATTGCGTTTGGACAATC,
830,CACCTACGATACCCAGTACC,
831,GGTAGTAGATTGTATAGTTG,
832,GGATGTTGGTTAGCACAGAG,
833,ATTCCTGTTCGTGGATTGTC,
834,ATCTGATCTGGCTTCCCCAA,
835,AGACCACCCCTAATATTATA,
836,TAAGTGTGCTTTAGCATTTA,
837,TTCCAGAGTTGGTGCCAGGA,
838,CTGAACAGTAGCAATAATGG,
839,GCAGGAGCATCGTCTTTAAG,
840,TCGGCATCTACACTTGCACT,
841,TGTGAATATGCCACACACCA,
842,GCTCATTTAGGACTAGATGT,
843,TTCATGCCTCCTGTCCCATC,
844,TATGTTGCAAGTCAGTAGAG,
845,TTAGACCTCTGAACTCTATG,
846,AATTGTAGGTCAAGTCTGCT,
847,TTTCCCCAGGAAGAGCTCTC,
848,GGCTGACACTTGGATTTTCC,
849,TGAGTCTCTAAGAAAAGAGG,
850,CAAATGAGATATAAGTCTAC,
851,AGAAGATTGGCATTGATGGC,
852,GTCTGGGCCCGCCTGTAAAC,
853,CTCTTCATCCAGTAGCACAG,
854,GTATGTCCCAAATATTGTAT,
855,CAGATGCAGCACCACGGCCC,
856,GGCTCCAATCACTGCATCTG,
857,GCAGAACTGTTCCCGCTGCT,
858,CGGGGTCATGGAGCCTCTCC,
859,TACTGGGATACTCAAAATGG,
860,GAGCCGAGCTGAGCTTAGCT,
861,GCGATGGTGAGCCCCCGACA,
862,ACCGCTTCAAGGAAGGGACT,
863,CTCCCGATGCGCTCCCCTA,
864,CATGTTCAATCTAAACACCA,
865,TGCCCTGGCCTGTCCCCGCA,
866,ACCACAATATCACACCTCCC,
867,AGTTTTTCTGTTGCTTGTCT,
868,CCTTTACTGCAGCATGACAT,
869,GGGTAGACTCTAAGGTTCAT,
870,TAAGCAGGCCCTCACTCAGA,
871,AGCTCAGTACAGGATACTCG,
872,GAAATGATTTGTTTTGAGCG,
873,GACCTTGACTCTCCCTCACC,
874,GACTTGGGAGAAAGTACTCC,
875,TGTAAAGAAGTATGTATCTC,
876,GAGTGATAAAAATGGAAAAG,
877,GCCAGGAAGGATTTAGGGAC,
878,GAGGCCCAGGCCGCGTCTTC,
879,CAGACGGAGAGAAGGGAGCC,
880,CTTCTTTGGTATTTAAAAGG,
881,CATGTCAGATTGTAATTCCC,
882,CCGGCTATTTCACGACACCA,
883,TTAAATGACACATTTAAGCC,
884,AGTCCCCTAGATAAGTTATT,
885,GGTGCTGGGTTTGTCTCTGC,
886,TTCTCACCCCCGCCTGACAC,
887,TCAGGGCCATAATACTCCCC,
888,ACTAAACTCAGTAATGGTAA,
889,GAAATCTATCACTGCTTTTT,
890,AATAGTTGGCTGAAATTATT,
891,ATGTGGACTCTAGCTGCCAA,
892,CAGGCGGCGAGCCCACAAGC,
893,GGGGGCCCTCCTCCACTTCC,
894,AGCTCACCAGGCCTGTGGCG,
895,ACCACAATAAAATTGTTGTG,
896,GCCCGGGCCCCACTTACCTC,
897,TGAACAGGTAGTCTGAACAC,
898,AGTATTTTGCAAAAAGTGTG,
899,GATCAGTTACACATCACTTC,
900,CCTGCCAGATGGAAAAGGAC,
901,TCATGTCTCTCTGTGCACAG,
902,CTAGTAAATATGTCAGCATG,
903,CCAGTCCTCCAGGAACATCA,
904,TATATCTATCTCCATATATA,
905,TCCAAAGGGCTCATGTCTTC,
906,TCTGAAGTTTGCACCCTATT,
907,GTCGGCATCTACACTTGCAC,
908,TTAGTACGTTGTACATGTTT,
909,AGACACTATCTGACAACAAC,
910,GCAGAGGAAGGGAAGGGTCC,
911,GCGCCCTGCAGCCTACGCC,
912,AAGGTGGCACTCCCCCGGAC,
913,ATCTGCAAATGTCACCCAAG,
914,TCAAACATTAAAGCCTGATC,
915,TTATCAATGAGGTAGACCAT,
916,TTTCTTATGCTTGCGACTGT,
917,GTAATTAACCTTAAGTGGTT,
918,TTACCAGAAGCGTCCAAACA,
919,GTACGATCCTCATTCTGGCC,
920,CACTTTATTTCCTGTGTACC,
921,AGCTGAGAAATACATTAATA,
922,ACTCAGACTGACAGATGTGC,
923,TCATAGATCTCGTCGCTTAC,
924,CAGCTCAGTACAGGATACTC,
925,TCATCGTAATTAACCTTAAG,
926,TTAAGGAGGCACCTACTCCC,
927,AGCTAACCAGATGCTGCCCT,
928,ACAAAAATCATAAAAGCAGC,
929,GAAAGATAAGCAGATGAGAA,
930,ATTTATGTTGAATCACACAA,
931,GAGGCTAACTGGATGTGGTG,
932,CATTCATCATGAATAATACA,
933,CTCGGTGCTTTTGTCAGAGG,
934,AACCACCACTGTCTCTCCCC,
935,TGCCTGCAGCCTTGGCCCGC,
936,GCATGCCAGTCCTGAGATGC,
937,ACCATTACTGAGTTTAGTAA,
938,CTTTATTGTCACGTTCTGAT,
939,CTGAATATGGGTTTACTAGT,
940,AAAATCACCTGGAAACACTG,
941,TGGTGCCGTGACTCGGATCC,
942,AGGCAAGAGGAGAGGCAGCA,
943,CTGGGAACAAGAGAGCAGAT,
944,GAACCTTAGAGCTTCAGCCA,
945,CAACATATCCCATGACTTTT,
946,GATTGGGAAATGAAGGATTA,
947,CATACCCCTTTCCAGTACC,
948,CTGTTTCCTCATTTATCTGT,
949,AAGCACTTCTTACATTACCA,
950,TTCATTCACATGATCATAAG,
951,GATCTGTCTCGATTGTTTCC,
952,CAGCACGTGTGTTGTGTACC,
953,CACGTAAGAATATATTAGGC,
954,AGCCTCCAGTACCACGTGTC,
955,CTTATCAATGAGGTAGACCA,
956,GCGGCTAAAATGCAGGCCGG,
957,TCTCAAGCTGTGACTGCAAA,
958,GGATGCCGCCCACTTGCGGC,
959,AAAACCTTCTGTGGGGAGTG,
960,AAAGATAACTAAACTCTGAC,
961,ACTGCCCTAAGTGCTCCTTC,
962,CTCAGGTTGTGACCTTCTCG,
963,TATTACTGTGAGAATTATGA,
964,AGAAACACTTGGGCACACAC,
965,GAGCCTTCCTTCACCCAAAG,
966,GCAGCAGTGGCAAGACTCCT,
967,TGCTAAGACCTACTGTAAGC,
968,GATGGACTTCCCGACCCCAT,
969,TATACCAGTCTAGACCTCAG,
970,TTACTTGCAATGATTATACA,
971,CAGACCGCAAAAAGATCCAA,
972,GTTGAGTTCTCAGTGACCCC,
973,GGATTTTGGATTTTTGGATC,
974,CCTCACGGTCCAGTTTTCCC,
975,CAAGTCATTTAACTTTTTTG,
976,TGAAGGCACTTGTAGCATTA,
977,ATCACAGTTCCCATATCCAT,
978,CTTATTGTTCGAAAGAAGTC,
979,AAGCAAAGAAGTTTTTAGTA,
980,ACGGCTACTTCACAACACCA,
981,AGCTAATACAATTTAAGAAC,
982,AATCAGAGTGACGAGGAGCA,
983,TGTGCTGCTCCGCAGGCCTC,
984,TCACTGAATCAGCTGCAGCC,
985,CACTCTTAAAGGAAACTAAG,
986,TGGCCAGTAGGTCTTTGTTC,
987,CTAAGGCCAGAGCTTGTGTT,
988,GCCTACCATGTACAAAGCCC,
989,TCACATGTCCAATTCTGTAA,
990,TGGCTCAATGCAATGCACCT,
991,CTTATAACTAAGTTGAGCTA,
992,TGTCCTGGGTGATGCCTGCG,
993,GAAGGGGCTCACAGAACACT,
994,AGACGGTTTTCTGTGTGGAC,
995,TCAGAGCCATCTGCATCAGA,
996,ATGAGATATGTACAATGGGA,
997,CATGGTTCTGTCAAGCACCG,
998,CCCCGTACCGGACAGGGCCC,
999,TACAATGTAAGTGCTCATTT,
1000,GTGAGTAGACCACTTGAGCC,
1001,TAAGCCCAGGAGGGTGAGGC,
1002,TTTTTCTAGGAATAAGTTCA,
1003,ATGGTTTGGGACTCAGGATG,
1004,GACCTAGACACCTCCAGTTC,
1005,ACAAATCCCAGTCTACCTAA,
1006,TGTGAGGGGCCTCAGCCTCC,
1007,TGGTACCCTACTGCAGACAG,
1008,GGTGCAGAGCCTTTAAAATG,
1009,TACCAGTACCTTGTGTTCAG,
1010,TGACAGTATCCGTCTTGCAG,
1011,TACAGCTTGGACTAAAAATT,
1012,GACTGGCACCTTTCTGAATA,
1013,AGAAGGGAAGGGCTTCAGCC,
1014,ACGTCCAGGGGGTAGGAGCA,
1015,AGAGCTGTGGAGTGTGACAA,
1016,AGGTTTTTGCTCATGCACCA,
1017,CCAGCCAACTCACAGTGCAG,
1018,GGGATCAACTCCTATCAGGG,
1019,CAAAGTTTTCTTCTTAGACA,
1020,AGAAAGACATAGTTGCAAGA,
1021,ATAAATAATGTACTCATAGA,
1022,TGTCGGTGGGTTGAACTGTG,
1023,GCGAGGTGACCCATGAGGGT,
1024,AGTTTCTGAATTTGTGAGAC,
1025,CTCAGCAAGGTCAAGGAGGT,
1026,TAATTTATGACGAATCATAC,
1027,ATCATGTGCAGTGCCAATAT,
1028,CACTTTCCTTGGGTAATCAC,
1029,AAATAATTCTGCAGTGAGAC,
1030,TTAGAATTGTTTAGGAACAC,
1031,TTACGTGCCAGAATTCAGTT,
1032,GCCGCGCCCGCCGGGTCTAG,
1033,TGATATTGGGTTGTTTAATT,
1034,GGGTGGTGCAAAAGTGATCG,
1035,GAGGGACACTGGCTTACGC,
1036,AGCCCAAAGGTGAATTTTTT,
1037,GGACAACGATGACCCGCGGA,
1038,GCTCTGGTTCCCCAGCCTAC,
1039,TATTTGTGACGAATCATACA,
1040,CTCACCAGAACTCACTATGC,
1041,AAAGGGATCTTGGTCTGTGC,
1042,CCAATCTAATACATTCCTTC,
1043,CCGCCCGCCCGCTGGCTCTC,
1044,CTGAAAAAGAGTTTATAGTG,
1045,TAAGGAGGCACCTACTCCCA,
1046,TCAGAGTCAATCATCCAACC,
1047,AGCCCTGGTTTCGGGCTGCC,
1048,GAAAGGTGGATCCCAACAAC,
1049,ATAATGGAGACCAGGCCACG,
1050,GACTGTGTGAAGTCACTCCC,
1051,GAGAGGGTGCCCATCTACAC,
1052,AGAATCACTGTTCAGACAGG,
1053,GTGTAACGAAACCTACCAGA,
1054,CAGATGGAAACAGCCTATCC,
1055,GGGAAGAAGACCCACGTGGG,
1056,GTTATCCGAAGCGGGCATGC,
1057,TGGTAGAGGGCAGAGGGATG,
1058,AGGAGGGAGTCTTATCAATG,
1059,TGCCACTGTCTGACGCCTGT,
1060,GGCTCGTAGTGACCCGGCGC,
1061,TACATTCACCGAGAATCAAG,
1062,CATATGTCATCTGGTAACAC,
1063,AAAGGGGAGGGAAGAATAGG,
1064,TCTACATTGCCAAAAACCAA,
1065,TACTTTTGCACCAATCTAAT,
1066,GGGACTAGTCGAGATATAC,
1067,TGAGTCTGGATTGTTGAGGC,
1068,AGAGCACAGGCGCTTCACCG,
1069,GGGACGACATGTCACGTGC,
1070,AGTGGAGCACATCAGTGAAA,
1071,GAGGTGCAGTGCTGCATCTC,
1072,AGTAGTTGGTTTGTATGAGA,
1073,AGCAATGTGTGACAGGTACC,
1074,CCAGAAGGAATGTATTAGAT,
1075,ACCAGCAAGAGTAAGGTGCA,
1076,GCAGATCACAAAAATGACAC,
1077,ATAGTGTATATCGTTTCAAC,
1078,AAGAGAAACTCGGTGACTCC,
1079,TCTGACTGCTGTTAAGGACC,
1080,AGATAGTGTCTTACTCCCTC,
1081,CGACCCACTCTTGGTTTCCA,
1082,TATGAGGTTGTCATGCCTGC,
1083,GGAGATGGTGGAGTAGCTCC,
1084,GAGAAATGAGCTGCTCTCAT,
1085,TGGGGCACAGAGTGACAAGC,
1086,AATCATCAACAGACATTAAT,
1087,AAGACGTCCGGGTGTTGAAC,
1088,GTATATAAGACACTACAGGA,
1089,ATTTTTTCAGACTCATCCAC,
1090,TAAATATAGAGACCATACTA,
1091,TCCGCAAATGTCCACAAATG,
1092,AGACATTTCCTTAGAATTAA,
1093,AATCGGCATTGGCATCTATT,
1094,CTAAAGGCCTACATATAAAA,
1095,AAAAGCTATATTTTTCTTAT,
1096,TTCACAAATCTATAATATGC,
1097,CTCAAAATAAAGGATACAGA,
1098,TGTGAGACAGACTGTGCACT,
1099,TGACAGAACTTGGGCCCGGA,
1100,GAGGGCACGCCGATGTCCG,
1101,AACAGCTATAGTGACCTTTC,
1102,ATGCACCCGACAGATGCACT,
1103,CATCTTTACCAGACAGTGTT,
1104,CTGTGCTCTCTCCATTCCCC,
1105,TTGGCTAGAGACCACCCCCA,
1106,GGGCAATCACTGGCATTAGT,
1107,GGTTGGTGCAAAAGTAATTG,
1108,CTGCCCAGAACCCCCCTCCC,
1109,TGTGTGCATGGATTACAGGA,
1110,GTGTAACAGGACTGGACTCC,
1111,GCAGCACTGTAAAGAAGCCG,
1112,CCCTGGCAGGTGAAGGCAGC,
1113,CACACTAAATAGCTACTGCT,
1114,GAACTGTAGATGAAAAGGCT,
1115,CAGTTCATGGTGCTCCCTGC,
1116,CTTACCTGTGACATGACGGC,
1117,CTCGACCCGAGCCTGCTGGA,
1118,TAGGGGGCTGTGGTTTGCCA,
1119,GATCGCCCTGCCCTCACGCG,
1120,GAATCTAAAGGACGTGTACC,
1121,CCAAACTCTGTTGGTTGTTA,
1122,GCTGTTGGAGACTCGATTGT,
1123,AAACCCCTACCGGGTTCTCC,
1124,GTATTCTACGGACCGCATA,
1125,GTACCTGAAGAGAGGTTTTC,
1126,TGCTGTCCCAAACTCATGTA,
1127,ACTCAGGAACACTTCTGAAC,
1128,GACTGACTCAGTGACTCCCA,
1129,ATTTAATGATGCCCAATACA,
1130,CCAGAAAGCCCAGCAGATAC,
1131,ACACTCTAGAGGTGTCGCAT,
1132,GACGGCAGCTCACAGGACCC,
1133,GGATGAGAAGTTGTTTCTTA,
1134,GGACGTAGTATGACTAGCA,
1135,TTATTCATAAAAGTGCAGTA,
1136,GGGTTAGGAAGCAAGACTGA,
1137,GGCGGTGCCAGTTTGGAATA,
1138,GCAATGCAGAAAGTACAGAT,
1139,AACTGAGGATCATAGCCTGA,
1140,TCAACCAATGTGCCACACCT,
1141,TATCTGAGAGTACTTTGTCA,
1142,TTTTCTCAAGTATTGCTGTT,
1143,GGGGACAAGGGCGGCGCGAC,
1144,CTGGAATGCTCGGAATAAGA,
1145,AGAGGGAACTTCCATGTGTC,
1146,GAGAGCGCGTTACAAAGAAT,
1147,GCCTGAGCATGTTCTGTGAG,
1148,GGGTAGCCATTGTTTGGGTT,
1149,AAATGACACCTCCCTGTGAA,
1150,TAGTTCATATGGGCACTGAC,
1151,GTCCGCCACTAAGCCTCGAC,
1152,TCAGACTGTAGAATCTCTAC,
1153,CAGAGTCTCCTTCGTGTACC,
1154,TCTTAAACCAGTTGCTGACC,
1155,GAGGCAACAATATGTTCCAC,
1156,TAATAAAAAAGATGAGCTAA,
1157,GTGTGAATATGCCACACACC,
1158,GCGCCGAACCGCCTCCCCA,
1159,CATGGTTCCGTCAAGCACCA,
1160,CTTGTTAGAGGGTGCCCGCG,
1161,AAGGCAGTGGTCTCCAGATC,
1162,GTTACAGGAGTGGTTCACTG,
1163,ACTGGGCCACTCAGAGCAGA,
1164,AGAGAACAGGAGACCATCAT,
1165,TCCTGGGAGGTGTGATATCA,
1166,TTGTCTCTTGTTCCTCACAC,
1167,ACTGCACCTTAGCTGCTGCC,
1168,ATAGGACAGTATGTTCTTCC,
1169,CATATTGTCCATTGTATCTG,
1170,GAAGCCGTCACAAATCAACC,
1171,GCCAAGGCTAACAGAGCCTC,
1172,GGTTGGTGCAAAGGTATTTG,
1173,GAGTTCAAGCAGCATTGTAC,
1174,TTGCACCAACGTACTGTTTT,
1175,AGGGGAGACGGAAAGGTGAT,
1176,TGTTCACATACTCTGCAGAG,
1177,AAAGTTCTCTGAAGCCTGCC,
1178,CACACCAGCTAGCCTCACCC,
1179,CATGTCTCTGCTGATTTAGC,
1180,GTGGGCTGGATGGGCAGGTA,
1181,ATTCTTACTGAAGGGAGTGC,
1182,TGGCATGCTTCTGGCTTCAG,
1183,TTGGCCTTAGTCCTGCCTGT,
1184,AAGAGGGTTGCTACCGAGA,
1185,GAGCGGCTACCGTCGTCTAC,
1186,ACGCTCAATGTAGTCTTGTA,
1187,GATTCTGCAGATCTGCAATT,
1188,GCACATAGCACAAAGTCTTA,
1189,CAGTGCTCAGGATGTGTTTG,
1190,AGCAAAGTGATGAGTAATAC,
1191,TGATTCTGCATGTATTAGGT,
1192,GTGTTAGGGCCAACATCTCT,
1193,CATAGGACAGTCACCTCTAT,
1194,AACTCCCACTCTACAGGGAA,
1195,ATTAATGGAATGCTGTCCTA,
1196,TTACAATGATCTAAAATTCA,
1197,CATTTGCAGTCCCACAACAC,
1198,CACACAGAGTTAACTCAAAA,
1199,GGAGAGAACGCAGTGACGTC,
1200,GTAACTTGGAACTGGAGAGG,
1201,CTGCCATATCCTCACCACGT,
1202,ACAGAGTTATACTGGAGATA,
1203,AGCACGTGTGTTGTGTACAA,
1204,GCTGATAACGTTTCGAGGAC,
1205,GGAATCTGAGAAGGCGCACA,
1206,ACATTGTTTCAGTGCCCAAG,
1207,ACCCTCGAGATCCGAGCACC,
1208,GACGGGCCCAGGACTTTGTG,
1209,GTAGTTACTGGTTATGACG,
1210,GGTAGACAATGAATATCACT,
1211,CAGGAACAGGTGCGTTTCTG,
1212,GCCAGATGTCAGGACTCTGT,
1213,ATGAGCTCTTAATATATCCC,
1214,GCCCAGAGGATGCACGACTG,
1215,AATGGCCAGAGCTCACACAG,
1216,GGCTCTTAGGGGAATAGCGG,
1217,GCGACCCACTCTTGGTTTCC,
1218,AAGGGAGGCCCATTCGCCC,
1219,CCTGACACGGAGGGTGGCTT,
1220,CTATACCCAGAAAACGTGCC,
1221,AGACAGTGCTTCCATCTAGA,
1222,CTTAGAGAAGTTGAGAAATT,
1223,GAGTGTGGTAAGCAGACCGA,
1224,AAAAAAAAAAAGGTTGTTCT,
1225,TCAGATCATTTTCCAAGGGA,
1226,ACGATGCCTGGCACAGGGCC,
1227,TACAAGAACGGAGTGCACGC,
1228,AGAGAAACTCGGTGACTCCA,
1229,ACATTAAACCACCCGATTCA,
1230,TCTCGAGTAGCTGGTACTTC,
1231,GTTGAACAACTGAACCCAAA,
1232,AAGCATGGTAGCCAGGAGAG,
1233,GAGAAAGCGCTTCCTTTTAG,
1234,TAGTCAGTAAACCTGGAGTC,
1235,TAGCCTCTGTTTCTTTATTG,
1236,TCAAAAGGCCTGCAAACCAG,
1237,TGGGGATAGAGGGCCCAGAA,
1238,CCAGGGAGTAAGTAGCCAAG,
1239,GCACTTTCATTATATTAGTT,
1240,AAGCTTAATATTCAGGAGAC,
1241,TCAACCTAATAATTATATAA,
1242,CTGTACCAAAATACCACAAA,
1243,TACACTAATGCTGAAAATTA,
1244,CCTCTATCTCTGGGTTGCAG,
1245,GGTACAGGAGATAACTGTAC,
1246,GCAGGACCAGAGATTGAGCC,
1247,GGAAACACAGAAGGATAGTA,
1248,GGATTCAAGTAATCCAGGAT,
1249,TGGTATACAGGTCTGTAGCC,
1250,AATCCACTAGTCTGCTAGTC,
1251,GATGCTGTGCCTTGTTTTGA,
1252,GGTGAATAGGATGATGTTCC,
1253,AGTCTAGAAGGCCTTGTTGA,
1254,AACAGGGCTCTTACTCCCTC,
1255,GTACATTACTCTTCTCAGAA,
1256,AACTAACGGGCCGGCGCCGA,
1257,CATAATAAACTCCTGTAAAA,
1258,CTGAGGTCCTCAAAACTGAG,
1259,GAAGTGAAATTAGGATCTCA,
1260,AGGGTGTTGATCAGCAGATC,
1261,AAGTAAGAGCGGGTTCTTAG,
1262,TGAAAGTGCTGTCATAGCTG,
1263,TGAAAAACCAATTTAATGGG,
1264,GGGCGACCCTGAACGGAAGG,
1265,GTGCTACACGGGGACAGGAT,
1266,CACAATCACTGCACTCCACC,
1267,GCAGAAAAGATCCAGCCCTT,
1268,AACAATGAGTTTTGAGTGTT,
1269,AGGCCACTGGCCACAAATGC,
1270,CACTGCCTACCAATCTCGAC,
1271,GAGAGGCTTTGTGCGGATAC,
1272,TCAAACCGTAACCCTCTGAA,
1273,TTGGCATAAGCTACTGTGCC,
1274,CCTCCCTGAAGCCAGCTAGT,
1275,TTTCCATGAAAAGAACCCAT,
1276,AAGGCTTGATGCAGTCTCTT,
1277,TGCTGGCATACCAGATTTCT,
1278,GCCTCAGGGCAGATTTTCAT,
1279,GGCTACAGGATGCTAAACAG,
1280,GTCATTGTAATAGTTCATAT,
1281,TGGGAAGAAGTGTTACCGTT,
1282,GTGTTAAAATTTGAAGCCCA,
1283,ATGGTGATCACGTCCCTACA,
1284,CTCCCCAACCAAATGCGGC,
1285,GGTTAGGAAGCAAGACTGAG,
1286,GACATCCAGGGTCACAGGTG,
1287,AATAGCTAAAGATGGACAAT,
1288,GAATCTCAGGTGACAATGTC,
1289,CAGGGACGAACTTTGTTAGA,
1290,AAACTAGTAATGTTGGATTA,
1291,TTTCCATGGCTGAAGCTCTA,
1292,GCAGCTGCTACCTATTAGA,
1293,TAAGTTATACCAAATATGCC,
1294,ATTTATGATGAAACATACAC,
1295,CTTCGGTATACTTCGTGAGT,
1296,TCCAGCGACTGGACAAGCTG,
1297,GGCACAACAGGATTGAGGGG,
1298,TTCAAAATCACCAAAGTGGC,
1299,ATAAGGCTCCCGTCCATTAC,
1300,CTCTTTACTACTACCACTCC,
1301,GGGAACCCCAGGAAAGTTGA,
1302,AGCATCTTACCGGACAGTGC,
1303,CAAGGTGAAGCTAGGTCTTC,
1304,GACCTGCGGGACAAGATTCT,
1305,CGCGCACCGGTCCCGGTCGA,
1306,TTCAACATTATGAATTTTGG,
1307,GCCGCGCGTCACCTCGAAC,
1308,GTCTGGTGCAAAAGAAACTG,
1309,CCAAACCTAATTCTGAGAGT,
1310,TTGCCAACCCTACTCTGGGA,
1311,CCTCCTCTTCAACGAATCAC,
1312,AGCATAGTGAGTTCTGGTGA,
1313,TCGTTACCGCAGGGAAAATG,
1314,CCAGTAGCACGGCTCAGTCC,
1315,AGCCAGCACCATGCAGTCCA,
1316,AGGCAAATGTGATGTCACTG,
1317,GGCGCAACTGTGGACGGTAG,
1318,CCATTATGCATTGTATTTTT,
1319,TTTGAAGATGCGGTTGACCA,
1320,GATTCCTGTGCCCTCTGCCC,
1321,AGCTCACACGAAGCCTGCTT,
1322,GCAGAAGAAAGATCTGGAAG,
1323,CAGAAAGTGCTTCCTCTAGA,
1324,TGAGTGATCACTCTCAATCC,
1325,GGCCCCTACTCAAGGCTAGG,
1326,CTGGACTAGGAGTCAGAAGG,
1327,TGATCACCTAGCCAGAATAT,
1328,TCGTCTTGGTCTAGGATTGT,
1329,GCGGAGACCACAATGCCTGG,
1330,ATCATTCAGAAATGGTATAC,
1331,AGCCGTGACTAAACAACTGT,
1332,GGTGCATGAGCAGCCACCAC,
1333,CAGTAGTTGGGGGGTGGGAA,
1334,ATCACTGAGCTGGCATTAGT,
1335,CCCACATCTGTCCATTAGGT,
1336,CAAGGAAGGGACTAGGAGCA,
1337,CCTGTCTGTGCCTGCTGTAC,
1338,TCCCAGGAAATTCGTCTGAC,
1339,GAGTGCGAAATTTATTAATA,
1340,GACATTTACACGTGTCACTC,
1341,GTCACGCGGAGAGATGGCTT,
1342,ATGTTGTTGTGTCCCATTAT,
1343,TATGTAATATAAATGTATTG,
1344,TGTGAATATTCTAAATATTC,
1345,GATAGATTTCTGTAGATCTA,
1346,AGGCTGATCTTCTCCCCTTT,
1347,TGTTACTGAACACTGTTCTA,
1348,GCTCTAGCCTCACACAATAC,
1349,CTGTGTGATATGTTTGATAT,
1350,GCCGATCTTCACGACTCTGC,
1351,TGTTATTATGTCAACCAGTG,
1352,AGATTGTATGCCAGTCTGGA,
1353,AGAGAATAGGACTACGTCAT,
1354,ACACACTGGCTTCCATAGTC,
1355,AAAGCCCTCAGCACAATGCC,
1356,GGTCATCACACAGTCTGCTG,
1357,TCCGCCCGCCGCCCACCGCC,
1358,TTTTTTCCTGCAGATATGTC,
1359,CTCCAAAGCCGTCTCTTTCC,
1360,ATGCTTCTGCTACATTTTTA,
1361,AACCTCAAGTAGTCTGACCA,
1362,AGGCAGAAGTGGGGCTGACA,
1363,ACTCGCTGGAGATGTGCCTG,
1364,TGAAGAATGTTATAGTTAGA,
1365,CAGATGCCACTGCACGTCCA,
1366,AGCGATCCTACATAAATATA,
1367,CTAGCCCAGTACAAGGCATA,
1368,CCTCTGGCTCCCAGCTCTCC,
1369,TAATCCATGCTGTCCAAAGT,
1370,CTGGAGGAAGTGGGGCAAGA,
1371,GTTACTATATGCTTTTTAAA,
1372,TACCATTCATGTTCACTGAA,
1373,GCCTTGACAACAGGCTGCAC,
1374,CACATACTGTTGTTGCTTTT,
1375,CCCGCTGGCCTGGCAGGTGA,
1376,GACTAGACTTCGCTATGACC,
1377,GACTTCCCCAGTGACAGACC,
1378,GGCTGTTTGGGCTTTGATGT,
1379,GCGTGCTAGCAATTCCAGGG,
1380,GCTTGGTGCAAAAGTAACTA,
1381,CTATTACCACTTCCACCGG,
1382,ACGAGCCCGCGTGTGGAGCC,
1383,GCTAAGATCCCTGCAGTAAT,
1384,TCTCTGTGTCGTATGTAATA,
1385,CGCGTAGCCCCCGCCACATC,
1386,GGCTGTTCTCCCCGAAAGAA,
1387,TGATTGCCACGTCTGCAGTA,
1388,AACCCGCTCTTACTTCTAAA,
1389,GACTGATAGCTTTGTATAC,
1390,TATTCACAGTGGCTAAGCTA,
1391,TGTCCTGCGAGGTGTCTTGC,
1392,GTGGGGAAGGCGTCAGTGTC,
1393,GATGTGGTCAAGTGTTGTTA,
1394,GCTTACCTGAAGTCAGAACA,
1395,TAATATCTAGTCTCTGTTGA,
1396,CGGCACTAATTCCTATACTA,
1397,GACCCAACATAACCCACCCG,
1398,CAGTTTGTGTCACAGATGGC,
1399,ATCACAGACAACCTCTTCTC,
1400,ACGCATGACTCTTCAACCTC,
1401,ATGATGCTGGCGTCGGTGCT,
1402,AAAAGCAGCCCTGCGTAGAA,
1403,GTCACCCGCACAGCTTACG,
1404,TATAGATATCTCCATATATA,
1405,GGTCTGATCCGAGGTGAGTG,
1406,GTTTCTACTTAGCTTTCTAC,
1407,CTCTCAGGACGTCACCACCA,
1408,ACTGCCTGAGTGTCCCACCC,
1409,TTTTTTTAAATTTTAGAGAC,
1410,CACGCTTCAGGACAGCCTGG,
1411,AGTTCTAGTAACTCTTGACT,
1412,AGCGTACAGTGCCTTTCTCA,
1413,GTCAATCGTGTCAGAATCTC,
1414,GAAAGCAGAGTGCCTTCTTT,
1415,GCGGGGGACCGAGAGGGCCT,
1416,GGTGGTGGTGGCACCAGCAC,
1417,GGGTTTCCTCATATTCATTC,
1418,GATGGTGCCGGCGCCTTGGC,
1419,TCAGATAATTGTTTGTGGTG,
1420,TCTGGCCTGCGCGTGACTTT,
1421,ATAGCACTGGGCACCATGCA,
1422,CTGCAACCGCGCCGCCAGCC,
1423,GATGCTAAGATGGGGATTCC,
1424,ATCTGGCACATATCGATTTC,
1425,CTGAAATCGGTTATAATGAT,
1426,GGAGGCACGGAACACGAGA,
1427,GTTGTGCCCACAGGCACGAC,
1428,TTATCACTGAAGGCCTCTGC,
1429,TGAGTTGGCTTAATCTCAGC,
1430,TGCAATGTTTACAGTGCATC,
1431,AATCACTGAGCTGGCATTAG,
1432,CTGGTAAGCGGACTAGCTCG,
1433,AAGCTGCCACGCCCCGCGCC,
1434,CCTTGAATCTTGGTCTGTGC,
1435,CGACGGGACATTATTACTTT,
1436,CTGTCGCGGGTCGTTCCCA,
1437,TAATATGGAACTAACTGAAT,
1438,ATTATACATTGCAATATATT,
1439,CTAGGTGATCATCAGAATAT,
1440,TCACCTGTGGAATGTCAGGG,
1441,CAATAGAGGGTGCACAGGCA,
1442,CATTAAGAACGCAGGTGGCA,
1443,CTTATGAATAGGAGCAGTGC,
1444,GAGCAGGGTCTCCTCCCCCC,
1445,AAACAGCAACCAGCTTTTCT,
1446,GATGCGCGTGGAAGAACAAC,
1447,AGAAGCTCTCCCCTCCCCGC,
1448,ACAACATGCAGGTCAGTGTC,
1449,CTCCATCTTTATGAAATGGG,
1450,GTTAATGCTAATCGTGATAG,
1451,GGCAGGTTCTCACCCTCTCT,
1452,CTCGTGCTGTGACCCTCTAG,
1453,TGCCCTCTTCCTCCAGGTAT,
1454,TTGGGAGCCCTGTTAGACTC,
1455,ACTGGTCTCTTCATGTGTGA,
1456,GCACCCGTCCCGTTCGTCCC,
1457,GAAATTGGCTTAGTACATTT,
1458,GGTTGGTACAAAAGCAATCG,
1459,GTCCGGCCGTCGTCAGGGAC,
1460,CGATTCATGAAAACTATCAA,
1461,GTTTTTAGGACATGTATGTC,
1462,CACATAGCAGGTGTATATAT,
1463,ATGCAATTTAGACATGATCA,
1464,GCAGACGCTGCACTAGCCCC,
1465,GCTCCCCATTCTCTCTCCGC,
1466,GAACTCGGGATCTCATCCGC,
1467,GCTCTTTCCCGTCTCGGGCC,
1468,AATCTCGCTGTTTTAGACTG,
1469,TAGCCTGTGGAGTATGCCCC,
1470,AAGAGACCGAACAGGTATAT,
1471,TCAAACCGTAACGCTCCAAA,
1472,GAATAAGAGCGCAAATAACT,
1473,GAGCCGCCGCGGCGACCATC,
1474,CTTGTCCCTTTGGATCCTAC,
1475,CTGTAATCCATGCACACAGG,
1476,CGAACAAAAGGTTTGTCTGA,
1477,CAGGCCTCCATGTGCAGGGC,
1478,GCTTTTAACTTTGATGGCAA,
1479,GTCCGGTACGGGGCACAGCC,
1480,AAGGTGAGTGCTTGCCGGGC,
1481,GGTGAAAACGGAAGTAGTA,
1482,AAAGTTTAGAAGTATTACAT,
1483,TCAGTCTCAACAGTCTACAG,
1484,TATTGAGGACGAAACACACC,
1485,GTCCGCACTTTGCTCTACCA,
1486,CATAAAGCTTTTGGTAATTC,
1487,AGGGGACCCAGGCTGTTCCT,
1488,CACTGAGCAAGTGAAGTATG,
1489,GGGGAACCACAGGCAGCAAA,
1490,TGAACAATACCTCTAATCTA,
1491,AACCCCAGTGGACAACCCTA,
1492,TCCCAGGTATTGTTGTGGGT,
1493,CAGCCTACCTCATCAGACCC,
1494,GATTGCCACTGTCTGCAGTA,
1495,ACAGTCTCTTCCTTGGTTCA,
1496,AAACTGCAAAAATTGCAATT,
1497,GGGTGGGCCTTGTCTTTGAA,
1498,TCTGCTTACAGGTATTGGAA,
1499,TCTTGTTTGTTTGAGTGAAT,
1500,TACTAAGTAAAAAATCAGTA,
1501,GAGCTCAAGGTGGCTGGGAG,
1502,TAGGTGCCTGGAACATAGTA,
1503,AGAAGTTTCTGCCCCACACA,
1504,CAGTTATCATCCCTGAGCCC,
1505,GGGTCAAGGTCAAGCAAGTG,
1506,CCTTGAGAGGCATAGCCATG,
1507,TCAATATTATTAGCCACTTC,
1508,AGGAGGAAATAGGCAGGCCA,
1509,TACCCTGCAAGGTTGTTGTG,
1510,GAATATCCCATACAATATTT,
1511,TTGGCTCTTATCATCCAGTG,
1512,CAGAAAGCGCTTCCCTGTAG,
1513,CTCGATGCACTCGATTCAA,
1514,CCGCTACCTGGAGAACACCG,
1515,GATAAATGCGCTAAAGAGC,
1516,TACGAGTTGTGATCTGGAA,
1517,CTCAGATGTCACAGGCATCC,
1518,TCAGGCTGTGACCCTCTTGA,
1519,AAGTTCACAGAATGGGTGGT,
1520,ACGGGAAGGCGACCCATACT,
1521,TGGGATTCGATATCGGAAAG,
1522,GACGTGCAAAGAAGCACCA,
1523,CACTGGGTTGGGCAAGGTGC,
1524,GAATGTTGATAACCGCAACT,
1525,CTGCAGGGTTTGGGGCCAGG,
1526,GACATGAGTGGGAATTGGAT,
1527,TAGGTGAGCTAAATGTGTGC,
1528,TGCAGCAAGTCTACTCCTCA,
1529,GGGTGAACTTAACCTTTCAC,
1530,CTGAGAACCTTCCTCTCCAT,
1531,TCGCTCTCACTCTATTAAGC,
1532,GCACCTGAACGCCAAGGCTG,
1533,GCACCAGGATATTGTTGGAG,
1534,CTTCATATATTCTCAGGCAT,
1535,TGAGGACCCCTGCTCTAGGC,
1536,ATGGCCTCTAAGATGTTTTA,
1537,TCTACTTTACCAGGTCCTGC,
1538,CTGCTCACTCATATAGGGAT,
1539,GAGCTGAGACTAGAAAGCCC,
1540,GAGGTCGTAAATACGCACGC,
1541,GGTTGAGGTAGTAGGTTGTA,
1542,CCAGTGTAGGGCACTGAGAA,
1543,AAAGTTGGCTGCAGTTAAGG,
1544,CCCGGCCCCTCTGTACGCGT,
1545,AGGGAGGAGGTTGGGTATTG,
1546,TCTGGTACTCCTTAAGCTAA,
1547,AGACTGGGAAATCTGAAGCC,
1548,CGTGACGTCACAGAGGCCTC,
1549,CAGAATTCTATGCACTTTCC,
1550,TTAGAGATGCACCAACCTGG,
1551,AAGGCGTCAGTGTCGGGTGA,
1552,GCCTGTCCCTAAATCCTTCC,
1553,TGCACTCAAGGGATGCTACT,
1554,GTAAATGAAGTGCACGTCAC,
1555,CAGGCTGTTCCTGGGAGTAT,
1556,AAGGAAGTGAGTGCAGCCAC,
1557,ACTACCAACTTAATGAGTTC,
1558,GAAGATATTTCATCAGGCAA,
1559,GGGTGTTCTTCGGCGTCCG,
1560,GCCATTAAAGGTAAAGGTGA,
1561,GTTATCAAAGTTAGTGTGAA,
1562,TTGTATCATTCTTATATAGT,
1563,CGGGCCCAGGACTTTGTGCG,
1564,GATGTTGGCCTAGTTCTGTG,
1565,TAGGAGTGACATCACATATA,
1566,TCAGAGCTAGAAGCAGATTG,
1567,CTTTCTAAAATGCAGATTCC,
1568,TAAAGGTGTCATGATGATAC,
1569,GCTGCGGTCAGGGCGATCCC,
1570,TGTCTTGCTAAACAGTGTCT,
1571,TTAGCGGTGGACCGCCCTGC,
1572,TCTCAGAAAATAGAGTCAAA,
1573,TGCCTGTGGCAAGACCACTT,
1574,GCCCAGGGACTCTGATCCTG,
1575,TCTCCCCACTCCGGGCAGGC,
1576,GGTGACGGGGCCCCACCCAC,
1577,AACATGGGCAACTTCTTTTC,
1578,TTGAGTGCCTGCTATGTGCC,
1579,CAAAAGTAACTATGGTTTTT,
1580,CACAGTCGTGCTTTTGGGGG,
1581,ATTTTGGACTTTTTCAGATT,
1582,AAACAGAAAGTGCTCCCTTT,
1583,CGTGGGATGTACAGTGCAAC,
1584,GCTAACTCATGTTTGTTGTA,
1585,GCCCTACGGCGTGGCCGTCC,
1586,CAAATATGGCTCTTTGTGGC,
1587,TTACTACTTTCCCTGGTGTG,
1588,CTTCTTGAACCTTGAGCCAT,
1589,AGTCAGAACCCGCAAAGTCC,
1590,TACTCTCCGGTCCCTTACCC,
1591,GGGCAGTGCCACAACTAGTG,
1592,GGCAGTGCCACAACTAGTGA,
1593,CTCAAACTAAAGGATATAGA,
1594,GTCCCTCTTGACCTTGCGA,
1595,TCTTAACAGCCGCCCGCCCA,
1596,GCTGTGCGGCTAATTGAGTG,
1597,CTGGCTGGTGCAGTGCCTGA,
1598,CTGCACAGTGGCCCAGGGTG,
1599,GGAACTGAAAAGTGCCCTCA,
1600,ACTCAGCCCTCCTGCTATCT,
1601,CTTTCCACAGCTGAGAGTGT,
1602,TTTTGAATATGTATGTGGGA,
1603,TACATATCCACACACATAGC,
1604,GTTAGTGCAAAAGTAATTGC,
1605,GGTTGGTGCAAAAGTCATCT,
1606,AATAGCAAGAGAACTAAAAC,
1607,TTAAAAGACTGAAACTGGCC,
1608,AACTGCAGTTTTGCCATTAA,
1609,CACTTTATTTCCTGTGTTCC,
1610,TCCAATGCTGCCCAGTAAGA,
1611,CAGGTTCACCACATACACTC,
1612,TAGTATTCTCCCGCTCGTTC,
1613,GCATTTAAGGATTGCTATTA,
1614,TGGTCTTGCTCAGCACCACA,
1615,TCGTGCGGTACTTGAAGAAA,
1616,CGTTGATGTGCTGCGGGAGG,
1617,GGAGAAGAAAGATAGACGCG,
1618,CTCTCCAGTCTTGGGTGAAA,
1619,CAACAGGCGGCTGTAGCAAT,
1620,GTCTGACTACAATATTCAAA,
1621,CAACCGTAGAGGCAGGTACC,
1622,TCCCAGGCTCAGAACAGCCT,
1623,GATGGGGTACAGCCGGTAC,
1624,GTTTCCATCGTTCCACCACA,
1625,GATTTGCGAACCCTGCCCGC,
1626,ATTAAAAGTAACGACAAAAC,
1627,CAGTACAAATAATACCACAG,
1628,GGGCTCGTATAGTACCTGA,
1629,GCCGTTCCGCCGCCCCTAAC,
1630,CTTAGTGATGGGTCGCCGG,
1631,GCGAGGCACACGCGCCACGC,
1632,GGTACCCACAACCAAATGG,
1633,CGCTGGGTCCAGGTGGAGAT,
1634,AGTTATCACTGAGCGACTTC,
1635,ATCCCATGGTGCCTTCTCCT,
1636,GTTGATGCACGTGACGGGGA,
1637,CCTAATAGAAAGTGTCACCC,
1638,TTTCTGAATGCAATGCACCC,
1639,AAGTAATTGCGGTTTTGCCA,
1640,TAAGTGCTAGGACACTTAGC,
1641,CACATGAGGTACACCCACTG,
1642,AAGACAATGGGCACAACCTC,
1643,TCAGGACTCTGTGGGTAGAG,
1644,GTTGTAGATCGGGAATTGGA,
1645,ACACACACTAAATTGCATTG,
1646,GTTTCTACTTTGCACCCTTT,
1647,GTGGTTGAGGTTACCCGGCA,
1648,CCATTTATCTGACCTGATGA,
1649,GTGCTAGTTAAGTCTACTGA,
1650,CTCAGGCTGTGACACTCTAG,
1651,CCACAAAGGCCTTGGCCTGA,
1652,GGCAGTCATCACCCCAGTGT,
1653,CATGTGGTACTCTTCTCAAG,
1654,TGAGCCTGGCGGGCTGGGGG,
1655,TGATGATCACCAGAGTGGCC,
1656,CCAGCCCCGGCCTCAAGTGA,
1657,CCCCTTGTCTGTAGAGAGAA,
1658,ACCAAAGCAAAGTAATAAAT,
1659,TGCCTGTCCCAGACCGAGTG,
1660,CAGGGCCCGGGACAGCGCCA,
1661,CATCTCAAACGGCCAATCTT,
1662,AGCCCTGCGGAGGAGGTGGC,
1663,GCGGGCCCAGAGCGAGAGTG,
1664,ATGAAAAAAGAGGCTGAGAA,
1665,ACACTTGCATGAGCGCACAG,
1666,AAAGCTAGGCCGCGAGAGCG,
1667,AAGATTCCCTTCTACCTGGC,
1668,CTTCAACATTATGAATTTTG,
1669,CCGCAAATGTCCACAAATGT,
1670,CTGTCTTCTCTGCCTCCTCC,
1671,GGAAGACATTGGTCCCGACC,
1672,GCCCCCACCATGTCTCCTCA,
1673,GAGAACTTGAGGGGAGAATG,
1674,AAGTATTCAATCCACTTTTG,
1675,GATTGTATCCTCCACATAAC,
1676,CCAAGGTAAACACAAGGTAT,
1677,AGAGGACAGACACATGAGCC,
1678,GGTGGGCAGAGTGTCTCCGC,
1679,GGCGTCGGGATAGAACCAG,
1680,CCTGCTTGCCTTTGTGTTTA,
1681,ATTGTATAGTTATCTCCCAG,
1682,GGGAGGGACTCATATGGAC,
1683,ATTAGAATTGGCTGCAGTTA,
1684,CCCAGAGAATCCCTAAACCG,
1685,GTGGTTTGCGAGCAGCGGT,
1686,TGTAGCTGTTCTCTTTGCCA,
1687,GGAATATCCTGGATCCCCTT,
1688,TCGAGGGCTAGCGAGCGCAG,
1689,GGAGTCTGGTAGTCTAAGTG,
1690,GAGTACCATATGCCTTGTAC,
1691,AGTGATGGCCTCCGAGTGGA,
1692,AGTATTATCTCCAAACAGCA,
1693,TCTGTAGTTTTCTTATAGTG,
1694,AGTTAGTGACCAGCTCTGTT,
1695,GGTTCTGTTCACGCGCGGA,
1696,ACTGAAGCCAAGTCACAAAC,
1697,TGTTCAGAGGAGCTTTCAGT,
1698,TCTCTGCTTAAAGACTGTAG,
1699,TCCTGCGAGTCCCTGGAGTT,
1700,GCGGACGAAGCGGATGATCA,
1701,CAGTGGACAACCCTAGGGTG,
1702,CTTAGCATCTAAGGGATTCC,
1703,TTTTGCTTCTCGGTGGTGTT,
1704,AGTAGACAATTGTTGATCTT,
1705,TCCTCAAAGGTGTTAAAGAC,
1706,GGGCTCTGACCTGAGACCTC,
1707,ATCTTGTGCTGTCACTGACC,
1708,GACACTATCTGACAACAACA,
1709,ACCAACCTAATACAAACCAA,
1710,GGTAGTAGGTTGTATAGTTT,
1711,CACAGGTTATAGATCTGGAT,
1712,TGGCGGCCCAGAGCGTCAAC,
1713,AGTTTTGTAGAGATGAAGCG,
1714,ATGCTCTGTCCTGGTTGTAC,
1715,AGAGCCTGGGCCTCTTCCTT,
1716,TCGGCATTTGTGTTGCTCTG,
1717,AAGGGAGACGATAATGGGCC,
1718,ATGAAAGTTGGCTGCAGTTA,
1719,CCCGGGCTGCCACGAGCGTG,
1720,TGGGGATGCCCTGGACATGC,
1721,CCGGAAGGCCCGAACCCTAC,
1722,CTGTGATCAAGGAGCACCCG,
1723,GGGTCTCCATTTCTCCTGGA,
1724,ATTGTCAATTTCAATTTGTG,
1725,ATTATAAAATCACTGGCAAA,
1726,AGGCTTCTGATCAAGATTTG,
1727,TGGGGCCGACCTCAAGGGAC,
1728,ATAGCCAATAGAGGGTGCAC,
1729,GCGCTAAGAGCCATCTGCAT,
1730,AGGACTCTTTCATGACCAGG,
1731,AACTTTACTTTGCAAACTAG,
1732,GGGACCAGTGTGGCTCAGCG,
1733,TCAGGCTGTGACCCTCTAGA,
1734,TTTGTCAAGGTTGCGTTCCT,
1735,TACCTGCACTATGAGCACTT,
1736,GCACCAACGACGAGCAGAG,
1737,GATGAGATTGCAGCTCATGA,
1738,GTAACAGTATTGCTTCTTTG,
1739,TAACAACAAATAGTTGACA,
1740,ATAGGGACTGTCCTTGGCCA,
1741,CTCAGCAATTACCAAGTGAT,
1742,ACCACGATATCACACCTCCC,
1743,AGTGGAAAGAGCACTGGACT,
1744,GGTGCCCGCGGGTCGGCAA,
1745,AGGAAATGAGAGACCTGTAC,
1746,GCGCCTCGGGCTCGCACGGC,
1747,GTATAGGGCATGGGAAAACG,
1748,GCCATCACCTTTACCTTTAA,
1749,AACAGGAGCATAGAAAGGCT,
1750,TGTATGTATGTATAAAAGCA,
1751,TCATGCTGTGACCCTCTAGA,
1752,TAGCTTGGTTCTAAATCCCA,
1753,ACCCACATCTGTCCATTAGG,
1754,GGGAACCGATGCGTGAGGC,
1755,CTCAAATCCTACGGCCTGCA,
1756,GCGATCGTGGGACGAGTGAA,
1757,GGGCCCTGACATACGCACGT,
1758,AAATGCTGGGGAAAGAGTTT,
1759,GGCAATGCATTAGGAACTGA,
1760,CATCCAGACAATCCACGAAC,
1761,TAGGGGAGACGGAAAGGTGA,
1762,GTGGTTCGGTTTGCGTGGCC,
1763,CAGCGGTAAGGAGCCCGAGT,
1764,TATGATGTCAGTGAGGTCTG,
1765,CATGGAATGGGCTCCGCCAG,
1766,TATTAATTCAAATCGTCATC,
1767,GCGTGGTAACAACAGCGAG,
1768,GCGGAGTAGTGTACATCTCC,
1769,TGAGCAGTAAGAGGCTAGTC,
1770,CAGACTGAAACTACACTTTA,
1771,TGAGTCCCGCGGGCCTGGCT,
1772,TAATGGGCCTTACCGAAGTG,
1773,GGGATGGGCACAGCTGTGTC,
1774,GGAGCGGGGATTAGTTCTAG,
1775,TCATCAAAGCGAGTCATACA,
1776,CATTTTGTGTCTGCTTCCTG,
1777,CTCTGAGCCTGCCGCCTCGC,
1778,TTATGGCAAGATCAAAGTCC,
1779,AAGAGGTTTCATATGGCTAG,
1780,TTGTGGGGATGTACTGAACT,
1781,GACTCCATGATAGAGAAACC,
1782,AGCTGGTAACTTTGAACTAA,
1783,CTGGCAAAGTATTTGTTGTA,
1784,TTCTCCTCAGGCTACCTCTC,
1785,CTCCGGCCGAGAGTTGAGTC,
1786,CATCTTTCCAGCTCAGGGCC,
1787,ATCCAAGGTATACCGATACC,
1788,TGGCTGTGATAATCACCGGA,
1789,GCAGGTGACCGGGTAGGCCC,
1790,GTAAAAAAATTGATTATTTG,
1791,TGAGGTGACCGCAGATGGGA,
1792,CAGGACCTCACACCTCCACC,
1793,GCGAAATTTATTAATATGGA,
1794,TTATCCGAAGCGGGCATGCT,
1795,GCATCGTCCCCTGGTGGCTG,
1796,GCCGCTAACACCATCACTG,
1797,AAAAGTCTGAAGTTACATCA,
1798,ACTCATGCCCATTCATCCCC,
1799,AGGTGTGATATCGTGCTTCC,
1800,CAGATAAGGAACCCACAGCC,
1801,CTCAGATCAAGCCAAGGGTT,
1802,CAGAGATAGCGCATGTTCTA,
1803,CCCATGTCACTGCCAGCCCT,
1804,TTCTCACCAGCTCTCGCTGG,
1805,TCAAGTGATGCTAATACCGC,
1806,TTTCTGCCCTTAACTAAAAC,
1807,AATCAGTGGTACCTGAAGAG,
1808,TTTCTCCCTAGCCCAGTACC,
1809,GGCCAAGCAAAGTAGTTCTT,
1810,GGTCCAGGCAGGAGCCGGAC,
1811,GAGGAAGAACGCATTAGCTC,
1812,GCAATACAGAGAGCTACCCT,
1813,GCCCCATCAGCGTGTCACGA,
1814,AAATGACACCTCCTTGTGAA,
1815,ACTGCCCTAAATGCCCCTTC,
1816,GGTACTAGTTGCCAGGCCGT,
1817,TGGAGTGGGAAGGACGAAAG,
1818,CGCTAACCCAGGTCCGCATC,
1819,CCCTGTGCAAACTGAGTGCA,
1820,TATGTCATCTGGTAACACTG,
1821,TCTCTCGGAACAGTTAATCC,
1822,CGGAGATGCGAGGACCCCTC,
1823,TCAGTTTGGAAAAAGGTATT,
1824,TAAGACTTAGTAGCTCTCAC,
1825,GCCGGCCCCGGCGTCATACA,
1826,TACATCTCCTGTTAGAGCAT,
1827,AAGAATGGCTGTCCGTAGTA,
1828,CCCTAGCGGCTCCTCCTCTC,
1829,CGGTAACACTCAAAAGATGG,
1830,ATGATTTTTCCTACTTTTCT,
1831,CACGTGAGCTCCTGGAGGAC,
1832,ACTATGAAACTGTGGAAATC,
1833,TACTATATGCTTTTTAAATG,
1834,CCTGTCCCCTACCCCACAGA,
1835,AAAAGTGCATGAGTTCGTCT,
1836,CAACATCACAAAAATGACAC,
1837,AGCTCAAGGTGGCTGGGAGA,
1838,AAGCGAGGGAGTGTAGTAC,
1839,GGGACAGATGCCAGAAGCAC,
1840,CTCTGAGGTCCTGCTCTAGG,
1841,AATGATATTGTCAAAGCATC,
1842,TTCTTTGCTCAGGTTATGCA,
1843,GAAAGGCATCTTCAACCAAC,
1844,ATAGGTATCAGTCACTGTAC,
1845,CCTCAAATGCTAATCGTGCT,
1846,ATTAGCCTAGAGCAGAACTA,
1847,GCCTCCGTTTGACACTCCG,
1848,ATGAGCCATGATCTTGACAC,
1849,TTTTTGGGGAGTGGAGGGGT,
1850,GGTGGGGCCGCCAGTGTTGT,
1851,TCTGCTGGTTACTCAGGGCC,
1852,TCAAACAGTAACCCTCAAAA,
1853,TGCTCAGTGGTACCTGAAAT,
1854,ACTAAAACTGGATCAATTAT,
1855,CACTTTACTGCAATGACTTG,
1856,TAACCGCCCGTCGCTCCCG,
1857,GTGTAGTGCCCTACTCCAGA,
1858,TGGCAATCAACCTATTAGAT,
1859,TGGCAATATGTTGGCATAGC,
1860,AAGATGTATATGCGGACAA,
1861,GCTCTGTTGGGACAAGAGGA,
1862,CACATGCAGGGTTTGCAGGA,
1863,AGGTAGCGGCCAGCTTAGCC,
1864,AAATTAAAAGCTTAATATTC,
1865,ATCATAGGAGAAAAATTGCA,
1866,TGAGGGCTCCAGGTGACGGT,
1867,GGGTGGTGCAAAAGTAATTC,
1868,CCCAGGCACTAAAGAAACAC,
1869,TTCTTCCTCTACACACACAC,
1870,GAGAAAATGTCCCACATTTG,
1871,CTAAAGCAGCACAGTAATAT,
1872,GGCATTTATGGCTTTTCCAC,
1873,TTGGCCCCAAACCAGACACT,
1874,TGAATGCACATCAGCGAAAC,
1875,CTGGACTTGGAGTCAGAAAC,
1876,TTTAAACGTCTGTGATCCTG,
1877,TGTACTTAGTGCCAACTCCC,
1878,GCCTGGCACGTGTGTACACA,
1879,ACTAACATATGTGAAAACAT,
1880,GGGCCGTAGCACTGTCTGAG,
1881,TCTCAGGAGGCAGCGCTCTC,
1882,GTAAGGCACTGCCCACAGCA,
1883,GCTGAGGAACCTCGGGGCAT,
1884,TGTGTCCGGGAAGTGGAGGA,
1885,TCCCCCGTCCTCACCCTCTT,
1886,TGACACAGGCTGCGGAATTC,
1887,CCTAGTAACACCTTCACTGT,
1888,CCCTTACTATCTAGAATTAT,
1889,CAGGTAAGTTGCAAGGATTA,
1890,CCAATATTTACGTGCTGCTA,
1891,GCTGGCAGTGTATTGTTAGC,
1892,TAGCCAGGAGAGTGGATTCC,
1893,GTTGGCTAGGCTATCAGACA,
1894,GACCTACAAGGATTAGAGAA,
1895,CCCGAGTACACAGGTAAGCA,
1896,ATCATCAACAGACATTAATT,
1897,TCTTCTCCGAGTGATCTCGG,
1898,TCTCAACTTTGGGAAGAACT,
1899,CTTGAGGGTGCATGTGGTAC,
1900,CCGGACAGGCTCCCCGCCAC,
1901,GGAATTCGTAAGCAGTTGC,
1902,GTCTTCCACACCCTCCAATG,
1903,TCGTCTGACTGGCATGCTTC,
1904,ACTATGGCTTTTAACTTTGA,
1905,ATGGCAGGTAGATATTTGAT,
1906,AAGCCTCTTGGTTACACAGC,
1907,AAGAAAGTGCATCTTTTTAG,
1908,GTGTCTGGGCGGACAGCTGC,
1909,GATGAGGGTGTCGGATCAAC,
1910,CCTCAGCAAGGTCAAGGAGG,
1911,GGAGGAGTGTTTCATACTGA,
1912,CCCAGGCAAACCATAATGGC,
1913,CTCCGATATGCAATGGGTAT,
1914,TCCTCCTACCCACTGCTTCA,
1915,GTGTCCCTATAATAATCGCT,
1916,GTCAACGATGTATGGAGCGA,
1917,AAGCGGACAGTGCAGTACTC,
1918,TCTTTGTAAGGCAGGTTATC,
1919,AGAAAGTGCTTCCTTTTAGA,
1920,CTTGTTAGAGGGTGCCCGC,
1921,TCAATATACAGATGAAAAGA,
1922,AGGTCAAGCAGCATTGTACA,
1923,GGGACATTAAAATGGGCTAA,
1924,GCGCACACCGCATCGGGCCT,
1925,CTGGGCTCAGACCCTGGTAC,
1926,AACAGGCTGCACCGGAGACT,
1927,TAATTAAATCTGTATTTACA,
1928,TGGGGACCCTCCCTGAACCA,
1929,GCTGGCACCATTAGGTAGAC,
1930,GATTAATGGCGAATATACAG,
1931,TGTGCCAGAAGGGGCATTTA,
1932,CATCTGTCAGTCTGAATGAC,
1933,GCGTGACGCCGCGTCGCGAG,
1934,TTCCAGCTTGGCCTACATAC,
1935,ACAGTCACATGCTTAGGTTG,
1936,CGGCAGGCCTGCACGTAGCC,
1937,TACGTTCAAAATCACCAAAG,
1938,TGCAAAAATAACTGCAGTTT,
1939,GGGAACACTCTTAATGCGG,
1940,CGGTGCTAGTGCCAGTGCCG,
1941,GTTATAAGCACAAGTTACTC,
1942,CTGCCTCCTCCTCCTGTACC,
1943,ATTTAGCAGTCCACATCTGC,
1944,AGTTTGGACATAGTGTGGCT,
1945,GAAAAGAAATCGCTTCCCTT,
1946,TGTGTTTCTGCTGCCGGCCA,
1947,TGGGTTAAGCCGAGCTGGGT,
1948,TTCAGGAAGCTGGTTTCATA,
1949,ATTATGGTGACAGCTGCCTC,
1950,GATTGGTTCAGGAATTTGTC,
1951,GCTGTGGGATAACCGTGCGG,
1952,CCTGGACCATTAGAACCTCT,
1953,GGGCCCCCTCTACTTTAACA,
1954,CTAATACTATCTCAAAATAA,
1955,TTCCTGAGTCTCACTCCCAG,
1956,TGATAACTCACTACCCCGAG,
1957,GTGGAATTTGATACCGAAAA,
1958,GCCCAGCCCTCTTCTGCTGT,
1959,GTATGTTATCTTTTAACATC,
1960,ATTCTACTCCCAGGCAGCTG,
1961,CTCCAGGCGCTCCAGTTTCA,
1962,CTGTGGCTGGCTGAGGTTTG,
1963,CACATGTACGTCACTTTCCT,
1964,CGGGAGCATTAGATTCTCAC,
1965,CGGGCGGGAGCGCGGCGCCC,
1966,GATTTCAGTGACCTGGCAGC,
1967,CCACCACATTAGCTTAGATA,
1968,TACCCCAAAATATGGTACC,
1969,TGCTGTCACTGACCAGGTGG,
1970,CTTATTAGACAGAGATGGAA,
1971,CTGGAGGAGACACGGGCGCC,
1972,GAGGACGAATGAATAGCCTA,
1973,GAGCAGCAGTATCCGGCTGC,
1974,TTCAGAAGCAATATGTGATT,
1975,GAGAAGAAGTGTACCACCGT,
1976,CAGGCAGGGCCAGGTTCACC,
1977,CAGTGACTGCGCCCCCTTCT,
1978,GAATATGTTTGACATTTAGT,
1979,AGGAAGAGGAGAAAGGCGCA,
1980,AAAAATTAGGGCCCAGCCTG,
1981,CCCAGGGGAAAGTACCAAAG,
1982,CAGAAAATGAGAAGTTGAGT,
1983,CTAGTTCTTTTTCTCCCTTG,
1984,AGTTAACTGAGGTGAGCCAG,
1985,ACTTTATATTGTTGAACATC,
1986,GTTGGTGCAAAACTAATTGC,
1987,GCTGCTCCTCCTGATTCTCA,
1988,TGAGTGGGGGCCGCGAGGCG,
1989,ATTTCTTTCTGGGGAGAGAT,
1990,AAGAATGTGGAAGTGGTCTG,
1991,TGGAAGAAGATGGCGGAAGG,
1992,AGCCCTGAGGAGCGGGTCCC,
1993,AAGGCTCAGTCCCCACCTCT,
1994,GCTTGGGGGTTAGTGAGGAC,
1995,AAATCCCCAGCAAAACACAG,
1996,CACTTCAGGAGGGACCAGTG,
1997,GGCTTCGCACTGGACGCTAG,
1998,ACAGACCCAGGTTCAAGTCC,
1999,CATTATGGTGACAGCTGCCT,
2000,TGAAATGCGTTACATTCAAC,
2001,CATTGCCTGAGATCACCTGT,
2002,TCACCAGAAACAGGAGTGGG,
2003,AAACGGACCATGCATAACCC,
2004,TGAGCCCAGCACTGGTACAA,
2005,ACAGGGTACTTGGATACATC,
2006,GACACTCCTGAATGAATATG,
2007,AGCACAGCATCACACGTCCC,
2008,GTTAGAGTCCGAGTAATAG,
2009,GTGCAAACGGAAACGGGAT,
2010,TTTAGATATGTACTTTTTAA,
2011,GTAATTACACACAATATCAG,
2012,GTTTTTGCCGTCGAAAATAA,
2013,GCCTATGTGGACTGACAGGT,
2014,GCGGTTCCTGCTAACACGAC,
2015,TGAGAAAGGGTGTGGGGGAG,
2016,ATACAAGGGCAGACTCTCTC,
2017,GACTGCCACCGAGTAAACAG,
2018,AGCCATCAAGTCGCTGCAGG,
2019,AGGAAGGATTTCAGAAATAC,
2020,TCAGGCACGGCCGGGCCACC,
2021,AGGACAGGCAGATATGTGAT,
2022,GACTTGGAGCCAGAAGTCTT,
2023,CTGTGCCTTACAGCAGTAGA,
2024,TTGATAGTTTTCATGAATCG,
2025,GGTGAATAGGATGATGTACC,
2026,GTCCAGACTCAACTCTCGGC,
2027,GTCCATCAGAGAACACACAC,
2028,TGTTACTGGAGCTCATCCAC,
2029,GAACCCCCCTCCCCGGGACC,
2030,GTTTCTGCACAGACAACAGA,
2031,AGGAGGCCAGAGGTGCCCCT,
2032,CACCTGCTCCTCAGATCAGA,
2033,CTCTGTGAGAAAGGGTGTGG,
2034,CAATCAACATTCATTGCTGT,
2035,ACAGAGATGGAAAGGCCTTC,
2036,TGGAAGGTAGACGGCCAGAG,
2037,CTCAAGTCATTGCAGTAAAG,
2038,AATATGCACTATAAATATAT,
2039,ATATATCTACCACATTTTAA,
2040,ACTCAGGAGGGTGAGTATCT,
2041,CCAGGAAGAGGAGGAAGCCC,
2042,AACATGGTGCACTTCTTTTT,
2043,GCAGTTCAACGAGAACCTCG,
2044,TAAACAGCATGGGAACAAAA,
2045,GTGTGCGGTGCGACTCATG,
2046,TGACTATGGTACCAGGAGTG,
2047,TCTGCACAGCAAGTGTAGAC,
2048,ATACGGCAATTGTATTAGGT,
2049,CTGCCTCCTCCTCCTGTCCC,
2050,CTTAGAGATAATGAGTTATG,
2051,GCTCCTTTCTGGAGTTAAGA,
2052,GAGACTGCCTATAACAATGC,
2053,AAAAATCAGGAACCTTAGTA,
2054,CTGTCTGGATGCCTGCGCCA,
2055,CTTCGGTATACTTTGTGAAT,
2056,CCAGTCTGGAGGGATTTTGT,
2057,GTACAGTGCCTTTCACAGGG,
2058,GTGTTCTGGAATTCTGTGTG,
2059,CTCTGGATTTGAGCGTAATA,
2060,GAATTACGCACTGGATCGTC,
2061,AGCTGTGGAAGCAGTAACAC,
2062,GCCTAGGGGAGGTCACAGTT,
2063,TAACATACCATAGCGCCCAT,
2064,TTCTGGGGTACGGGGATGGA,
2065,TATATCAGATGAGATGTGTC,
2066,TGGATGCATGCTTTCCACTG,
2067,TGGTTCTAGGATAGGCCCAG,
2068,GCTTTGCCAAGCTCCTTGAG,
2069,GCACCAGAACTGAGTCCACA,
2070,AGAGCAATAAGGATTTTTAG,
2071,AAATCCCAAATTCTGTTCTC,
2072,GAGCTACAAAATAAACTCCC,
2073,AGGTGTCTCTGCCATACCTC,
2074,ACTTGAAAGGACATCTCAAA,
2075,TTTAGGAATAGGGCAATCAC,
2076,CCCATGCTGTGACCCTCCAA,
2077,AGCCTGAATGAAAGAGCCAG,
2078,TCTTATCCTCCAGTAGACTA,
2079,GTTGAATATAGAATGCTCTT,
2080,GCCCTCAAAGTCCCGCTTTT,
2081,GCAAAAAGCTTGTTGGTCAG,
2082,ATATACACCTGCTATGTGTG,
2083,CGCCACGTTCGTTCTTCTGA,
2084,GTCCAAAGGAAAGGGCTGAG,
2085,TCATGCAGTCATTCTCCAAA,
2086,GTGCCTGCGGGACGCTCACC,
2087,CGGCCTGCAGTAAGCGGGTA,
2088,GCAGAATATACTGCAGCCG,
2089,GAGAGGGTATGCCCTTTATT,
2090,GTGGGTGTGGCTACAGGTGC,
2091,CAATTTAGACATGATCATGG,
2092,ATAAAGTCACTTAACTTTCC,
2093,TGCATATATATAGAGATGTA,
2094,TTGGGCAGTAGTGTAGAGAT,
2095,AAAAACTCCTTCAAGATCGC,
2096,TAAACTAGCTCAGTGAGCCG,
2097,AACAGGACTCTTACTCCCTC,
2098,TTAAACTGTCATTGCCTTTT,
2099,TGGAAAACGGTGTGGAAGAT,
2100,TGCTGCTGAACATGGCCTTC,
2101,TTGAGTCCCTACTATGTTCC,
2102,TTAGGTAGTTTCATGTTGTT,
2103,CCCAATCTACTTTAATTGGG,
2104,AAGAAAGTGGTTTCTTAAAA,
2105,TTCACATCCTGGACCCTAGA,
2106,GGCCAGAGCTTGTGTTTGGG,
2107,GAAACACTTTGCCTTTTTAC,
2108,TGGAAGGGCTTCCTCTCTGC,
2109,GGGGCTAGGCCTGTGGCGTC,
2110,TCAAGAAAGACTGTGCACTC,
2111,ATGTTAGGCCATCACAGCAT,
2112,ACACTTACTGGACACCTACT,
2113,ACCTGTCCCATTTCCCAGAG,
2114,GCTTCCCTGTGTTAGAATAG,
2115,CAAATCATAACCAGTGCTTC,
2116,CAGAGGGCGCTTCGACGGGC,
2117,GGCTTCCGTGTCCTTTTCGT,
2118,CGTTGAGCCTGAGCAGTAAG,
2119,GCGGTGCCTCACGCCTCTGA,
2120,GGTGCTTGCTCACGTATCCG,
2121,TCTGTGGCCACAGGAGAGGA,
2122,ATGCACAATCATCTACTAAA,
2123,GATTTGAACCCAGGTCTACC,
2124,ACCTCAAGTAGTCTGACCAG,
2125,GCCATTCTCTCTACAGACAA,
2126,ATGTATGTCTGTTACACATA,
2127,ACCTGGAGGTGAGGCTTGTT,
2128,TTTGGGCCTAGTAGACCGTA,
2129,GTTCTGGAGTCTAGGATTCC,
2130,CAACTCTGTTGAATATAAAT,
2131,CGCTGGCTCTCGGGCCCAGC,
2132,CGCCGCGCTCCCGTCCTGCT,
2133,GGCGTGTAGAAAGCTGACCA,
2134,GCCGGACCCAGAGCCTTGGC,
2135,GCAGGTCGACAGTCCGCGTG,
2136,AATATGGGTTTACTAGTTGG,
2137,TAATGGAGAACACTAAGCTA,
2138,CAGGCAGAAGTGGACAAGTG,
2139,ACTAGGGGGATGTACTGAAC,
2140,ATGGAGCAGACTATATGCAG,
2141,TCCCCATATCTACTTACTGT,
2142,GCCACGTCAAAGGAGGCAGA,
2143,TGCCCGGCCTCCCATTAAAT,
2144,AAGGTCATGACATAAGCCAG,
2145,GAATTCGTGCCATATGTCTG,
2146,AAGCTTTTAATTTTTTGTTT,
2147,GGATCAAGCAGCATTGTACC,
2148,TGTTGGGGGCCACTTGTGTG,
2149,ACAACCCCCAGCAGCACCTG,
2150,AGCCTAGACTTCCCATTTGA,
2151,GGAATTCAGTTCTCAGTACC,
2152,CAGTGTGTCAGAGGTGTCCA,
2153,CTTCTTGTGAGCTCAGTGCC,
2154,CGGGCGGCGGTGCCCGTCCC,
2155,GAGCCGCGAGGAGCCGAGAG,
2156,CCTCCTTTATCACTGCAAAG,
2157,GGGCAGTCAGTTAAAGGAGC,
2158,TTCAGGCCGGTCCTGCAGAG,
2159,TGAGACATTCGCGCAGTGCA,
2160,TTGCTCGGTGAACCCCTTTT,
2161,TGGACTCTAGTTGGGAGTGA,
2162,ACATTGACATCAACACTAGG,
2163,GGCCTCCAGGGCTTTGTACC,
2164,GGAGAATCCTGTCTCCACCA,
2165,GCTGGCTGGTGCAGTGCCTG,
2166,TTTTGAGGTCTTGGGTTGTA,
2167,TTCAGTCTTTTAAAATTTAT,
2168,AGGGAATACAGAGGGCAATC,
2169,TGTTTCCTCATTTATCTGTT,
2170,CCATTTGAAATCAGTGTTTT,
2171,ATGCTCTTAGGAGAACATCC,
2172,TCCTGCTGTGACCCTCAAGA,
2173,GTTAGTGGACCATGTTACAT,
2174,GATGGCCCTGTCCTCAAGAC,
2175,TTTGAGAATGATGAATCATT,
2176,TGACTTCCAGGCAGCAGCTA,
2177,TCTGAGGAGGAAATTAACTA,
2178,TTTTCCAAAAAGTTATGTGA,
2179,CTGGCATCACGCAAAATCC,
2180,GGGCACAAGACAGAGAAGCC,
2181,AATACAACCTGCTAAGTGCC,
2182,CGTTCGTTCTTCTGAGGGGA,
2183,GTAGGATACGACACTACAGG,
2184,CTGGCGTATTCAGAAGAGTC,
2185,AGCTGAGACTAGAAAGCCCA,
2186,GCTGGACGGCGCGATACTA,
2187,ATCCAGTGAGCTAGGAGGGA,
2188,TTCTGATCATTGGTCCAGAG,
2189,GGGATCCCCAGGGACTGGCC,
2190,CCCATGCTGTGACCCTCTAG,
2191,TGGCCGACACTTGTAATCCC,
2192,TAGGAAGGCTCTTGTCTGTC,
2193,GACTCTCCTACCTGGGCTTA,
2194,TAAGGGGTAGGCAGGGGCTG,
2195,TCACATACGTGTCAACTGTT,
2196,GCAGCCGCGCATCAGGCATA,
2197,ATGGTGCTGTGCTGAGGAAA,
2198,AATACAACCTGCTAAGTGCT,
2199,ATGATGAGCTTTGTGCAAAA,
2200,CTCGGCGTTACTGAGCACTG,
2201,TTACACGGAAAGGGACCACC,
2202,AAATTCAAATAAAGTGAGAG,
2203,TGCAGATCTGCAATTTGGGC,
2204,GGGCTGTGGGTTCCCGGATC,
2205,TGCTAACCCAATGCAAGCAA,
2206,TTTGGATGAGGACAAATATC,
2207,ATTATAGATCAACTGCTGTT,
2208,ACCAGAAGATGCTTACTACT,
2209,CTGCCCGAGTCCCAAACCCT,
2210,CCAACCTAATATTAGCCCCC,
2211,GGGGATGGATTTGATACTGA,
2212,CCATGATTTGGAAAAATTAC,
2213,GCGATGTACTTTCCTGCGGG,
2214,TACTGTCTCGTCGCAACTTG,
2215,GGCCTAGGGGAGGTCACAGT,
2216,AATGTACAGTGGTTCTCTTG,
2217,TGACATTTGGTGCCGTGACT,
2218,GGCGTGGACTGTACGACATG,
2219,TCCGAGTGATCTCGGTGGAC,
2220,TAATGTCTTCTGTGTAAACC,
2221,GGAGGGGGGGGACGCGGGTG,
2222,GAAGCTGTGAAGCCACAGAT,
2223,GGACCGCACTCTCGTCGAGG,
2224,TAGAGACCAATACGGACTGA,
2225,TCACACCTGCCTCGCCCCCC,
2226,TCCAGAGCCCAGTCCTTCTT,
2227,ACAAGCCTGTTTCCTACTCA,
2228,TATAATTTGATGTTGCTATT,
2229,GAGGCGCCGCGTCATACGAC,
2230,TCATTTCATTTTTTGAGCCT,
2231,CTGGCTCAATGCAATGCACC,
2232,CGAGAGAAGCACTGGACTTA,
2233,TGCCAGAGGAAGTCACTACC,
2234,AGCTTTACACCAATGCCCTA,
2235,CTACCGCAATAAAGAAACAG,
2236,CTCCAGTTCCGCTCACCCTG,
2237,AAAGGTAAGAAGAAACTCCA,
2238,ATCAAACACGTAACCATAGA,
2239,TGGCCATGGCGACAACACCT,
2240,CTGGCACCATTAGGTAGACT,
2241,AGAATGACAGACGCTGCACC,
2242,GACTGTGTACCAATTTCCAG,
2243,GCACAGCTACAGCTGGTTGA,
2244,TTAAGTTCTGAATGAGACTT,
2245,CACTGCGGTCGACCATGACC,
2246,CCGTGGGCCCCAGGGCGACG,
2247,GCTCCCATTGTCTGGGCGAG,
2248,TGTCTGAACAGTGATTCTGC,
2249,AATTCGTAGTTTGGTCCACC,
2250,CAGGGACAAGCACAGGCTCA,
2251,GAAAGAGAGAAGTGAACCG,
2252,AGGGACCGTGAGACGTCGCC,
2253,CCCTGGGCCGGCCTTGGTGA,
2254,CATCACAAGACTCTATTGAC,
2255,ATGAGAACAAAGGAGGAAAT,
2256,AGAACAAAGGACTCAGTAAA,
2257,CAAGGCTTCTGATCAAGATT,
2258,TGTAACCTGCCACCTCACCC,
2259,TCACATTAGTGTCCCATTAT,
2260,AAGAAGTATGTATTTTTGGT,
2261,CTTCAGTTGTTACTCCAACA,
2262,TCCAGTGTCTCTTTAGTACC,
2263,TGGAGCTCAGGCCCTTGCAG,
2264,TCTAGGGGTCAGGAGGGCCC,
2265,TTGAATGCAGACCTCCCTGG,
2266,TACAGATCACTTTTCTGCAC,
2267,TAATAAGGGTGACTGACGAG,
2268,GACCGGCGCTGTGGATGTGC,
2269,TGAGCCGAGCTGAGCTTAGC,
2270,TACCCATATAATATTAGGGG,
2271,TTAGGAGAACATCCAGGGAC,
2272,GAGAATTAACACAGCAATCC,
2273,TCTGGCACTTAGTAAATATT,
2274,CCTCCTGGGGGTGTCTGTGC,
2275,GGTGGAGACGCCGAGTGTAG,
2276,GGGAGAAAAGCTGGGCTGAG,
2277,GTGATAGTATCTTTTGTTAC,
2278,GAGGTTGCCCTTTGTATATT,
2279,CCAGTCGGTGGCCGGGCTGG,
2280,CCATGCCTCTACAAGCTACC,
2281,TGGCAGAACACTGAAGCAGC,
2282,CCAGCCCTGCTCACCTTGTG,
2283,AGTGTTCAAGTCTACATGGA,
2284,GTTCTGACTGGGGAAAGCGT,
2285,AGAGGTGAGTTGACCTCCAC,
2286,TCGGAGCCATCTACATCAGA,
2287,TCATGCTGTGACCCTACAAA,
2288,GCGGCTCAAGCCCCACACTA,
2289,GCTCAGCTCTGGGCTGGGCC,
2290,GACTTGCTGTGATGTTCACG,
2291,GGGCTTCCTCTCTGCAGGAC,
2292,GGCGTGTGGGTGGCTGCCCT,
2293,TTACTGCAAATTCAAAACCC,
2294,GGGTGAGGTAGTAGGTTGTG,
2295,TTTAGCTTAGGAGCTAACCA,
2296,AATGAGATATTTTGAGTGTT,
2297,GGGAGACCAACCAGCCTGGT,
2298,TGACTGTGAAATTGCTAAGT,
2299,GGGCTGGAGTTGTATGGTCA,
2300,TTCCCCGGCGCGAGCGGCCC,
2301,CTTGTTGCGTCCAGATGGAC,
2302,AGATTCACAGGCGGCCCGCG,
2303,GAGCCGGTTCCTCAAACGC,
2304,TTAAAGTTTTGCATCTTCAC,
2305,GTCCACCTGGAAAAACAAAA,
2306,CCTTGCCTTTCCTTTGGCAC,
2307,TGTTGTTTAATGTTGACTTT,
2308,CACAGGCTGCTCCATGGCCC,
2309,ACAGGAGCATAGAAAGGCTG,
2310,TTGGGAGGGATGTGACTGTT,
2311,CTGTTGTGCGTTGGCCGGGC,
2312,CTGAAGTATGTTGTGGGCCA,
2313,GAACCTCAAGTAGTCTGACC,
2314,ACAGACACCTCCAAGTGTGC,
2315,AAGCGAGGTCCGGGTAGACA,
2316,CTGCCTTAGGAGAAAGTTTC,
2317,CCCTTAAGGTAAGTGCGCCT,
2318,ATTGGATAAGCTTTTCTGAG,
2319,AATTCCCAAATCTTTTTACC,
2320,CTAGAGGTGTCGCATTGGAA,
2321,GACTGAGGTCCTCAAAACTG,
2322,CAGCTACCTATATACCTGTT,
2323,AATGCCAGGAGACCTTCATC,
2324,GTTCCGAGAATGAAGGAGTC,
2325,TCACTTTAGGAAGTCCTAGG,
2326,AGACATCCTAGAATGTTATT,
2327,CTGCAACTTTGCCTGATCAG,
2328,TGCAGAAAGTACAGATCGGA,
2329,GGAACGCGCGCGGCCGTGCT,
2330,CTCTGTTTCGGCCATGTGTG,
2331,CATCAAAGTGGGGACTCATG,
2332,GAAAGGCACACACCTCTCCC,
2333,CACCCCAACTTTGGACAGCA,
2334,GCAATAAACAGAGAGGCCGC,
2335,CCGGGCTGCCACGAGCGTGC,
2336,TCTCTATCACAGAAAAAAGA,
2337,TTGCTGGCCTCAAGCCTTCC,
2338,GTTCAAAAGAAAAGACATAT,
2339,GCCCTGGTTTCGGGCTGCCT,
2340,GGCACCAGAAAGTGCCCTCA,
2341,AGGAACTGACAGGTTGAGAC,
2342,GAGGGGTGTAGGTGACGGGC,
2343,GAGTCACTGCAGGACTCAGC,
2344,GAGCGACTCCGAGAGAGGCA,
2345,CGCATATTGACACAATGTCA,
2346,CGTCATGCTGTTCTACCACA,
2347,ACAGAGGCGACATGGGGGTC,
2348,CGGTTTTCGCATTACTTTAA,
2349,TACAGTACTGTGATAACTGA,
2350,GGGCAGCATGAAGGGCCTCG,
2351,GCAAACCATCGACCGTTGAG,
2352,AAGTCGACCATTAACAGGTG,
2353,TCTGCACACACACCAGACTA,
2354,CTACCTGTCTAAGCCTAGGT,
2355,GCTTTGCCCGCTTTCTGAGC,
2356,TACTTTTGATCGGGGAGCTA,
2357,CTCAGTAGGCACCGGAGGGC,
2358,TTGGTGACTAGGTGGCCCAC,
2359,GCCACGGACCGAGCAGAGA,
2360,CGGAGTGTGGGGACTTGTCA,
2361,GCCCTGACACGTGGTACTGG,
2362,GGGGTAAAAATGCAGATTCC,
2363,CATTGAGCAAGTGAAGTATG,
2364,GTACTGTGATAACTGAAGAA,
2365,CAGCTTTAGTTAATGAATCC,
2366,AGTGGTCAGGATACAGGACA,
2367,CTTGTAACCATTCAGGGCAA,
2368,CGCTGTGATCAAGGAGCACC,
2369,GAGTGTGGGTTACATCCCG,
2370,TGTTAATGCTAATCGTGATA,
2371,GTCCAAATCCTTTTCTGATT,
2372,GCACCGGCCCTCGACCCAA,
2373,GAGGGTCCAGCTCAGAAAGC,
2374,TGTGTCACACTGTCACACCC,
2375,AGAGATGGCTTTGGAACCAG,
2376,ACTGCAGGGAGGTATTAAGT,
2377,TCAGCGTATATATGTATATG,
2378,AGATGTTTTAAGGACACTGA,
2379,CCTTTAAGGTTAGGGTCTCA,
2380,CTCTGTGGATCCTGTCTATC,
2381,GTATTTTGGTACAGCAGCTC,
2382,ATCCATTAAAATTTTATCAT,
2383,CACTGGTTATGATTTGCATC,
2384,TCCCCTTTGCTTTAACATGG,
2385,TTGTCTAAATAAGCCCCAAG,
2386,ATCACAAAGCCACTGCAAAA,
2387,CATTGTGTCTTTTTTTTTGC,
2388,ATATATGTGAAGTATTAGGT,
2389,GGGCCTGTGCTTAGACACTC,
2390,CTGTCTTGCTAAACAGTGTC,
2391,CACAGGGCTCTTTACCTAGC,
2392,ATTTGAAATCAGTGTTCTTG,
2393,CGTTACCGCAGGGAAAATGA,
2394,GGTTGGTGCAAAAGTACTTG,
2395,GAAGCAGTGGGGTCAGGCCC,
2396,GGACCCGGCAGGTTGAGCAC,
2397,GGGCAGAACAGGACAGGTCA,
2398,AGTCGGATGTTTACAGCGGC,
2399,GGTGGCTGGGTGAGCTGTCA,
2400,GTGCTCCTATGCGTATCAC,
2401,CATCACAGTTCCCATATCCA,
2402,CACCTTGGTCAATAGGAAAG,
2403,TTGCCTGCTGACACCGTGCC,
2404,CCCGGGCAAGGATTCTGAGA,
2405,GTGGGTGGAGCCAGTTCAAG,
2406,CGTTGTCAGACCTGGAAAAA,
2407,TCCCCTTTGAAACTTTAGAA,
2408,TGGTGACTAGGTGGCCCACA,
2409,GTATGTCTGGTGCAATAATT,
2410,CAGATACACTCAGATGTCAC,
2411,TGACCCATCCAGTTCTCTGA,
2412,AGAAGACGCCACCGGCCTAC,
2413,GTTGGGAGTTCAGGGCCGAA,
2414,GTCCTACCTAAATGTCCAGC,
2415,CTCTCCTAACCTCGCTCTCG,
2416,AGAAAGTGCTTCTCTTTGGT,
2417,CCACCTAATAACTTATCTAG,
2418,GTGGCCCTGACACGTGGTAC,
2419,CTAAAAACATGTTGTTTATA,
2420,ATTTGAAGTAGTATGTCCCT,
2421,TTCAGTAGTTTACTATGATG,
2422,AATCCCCAAGGCAACCGTAG,
2423,TAGGGTCTGCGCTTCTGTGG,
2424,TGGCCTTTGTCTCTTGGGAG,
2425,CAGCGTACAGTGCCTTTCAC,
2426,GGCCCCACGTGGTGAGGATA,
2427,TGCTTCTCGTGATGGCACTG,
2428,TACAACCTTCTAGCTTTCCT,
2429,CCACCAAAACACTCATCGCG,
2430,AAGAGCGACGCCTCGCCCCG,
2431,CGGTAAGGAACGCGGGGCCT,
2432,CCACCCCCACCACCACGCCC,
2433,GGGCGGCGGTGCCCGTCCCG,
2434,CAGCACTAGATTGTAAAGAC,
2435,CATGGGAGGACTCCTAGTCT,
2436,CAAGGGCTTTGATGTCTTGT,
2437,CTGCTGGTCAATCACAGCCC,
2438,TTCCTCTTATTAGACAGAGA,
2439,GGGTGGCTGGGTGAGCTGTC,
2440,GGGCGCTGGTGCTGACTCAG,
2441,CTGAGACCCTTTAACCTGTG,
2442,GTTGGCCTAAGGGAGACGGG,
2443,ACTCCCAGAACTCATTAAGT,
2444,GTCGCCGCCAGGACGGGCAC,
2445,GATTCACTCCTACTAAAACA,
2446,CTGATTTAGGTCTTTTACTC,
2447,CGCACGCTTAGCCCAAGCTG,
2448,GATCTCCGGGGTCTTGGTTC,
2449,TCTCCGTGCTACCGCACTGT,
2450,GGACGGGAGTGACGACCCCT,
2451,GGAAGAAACCAGGACTTTGC,
2452,TTGGTTACACAGCTGGACAG,
2453,AGGAGATGGCACCGCTCAAC,
2454,GAGCGGAGCAGCAGGCCCTA,
2455,AGGTAGAGGGAGTGCCGAGG,
2456,CTTCCCAAAAAATTCACCTT,
2457,TTCTAGCTTTCTCCCTCTCA,
2458,GTCTTTCGACAACCATGAC,
2459,CATCTATCCAAACCTTACTA,
2460,TGGTGCCAATGAATGCTGAA,
2461,GGCCCGCCCCAGCACGTACC,
2462,TACAACCTACTACCTCAACC,
2463,CCCTCTTTACCCACTAGGCC,
2464,TGCAACAGCAATGCACCGCG,
2465,TGCACTGGGTTCACCTTTAA,
2466,CTGAACTGCTCTTACGCTG,
2467,AGAGAGCCAGGAGGGATGTG,
2468,GTCATTCCAGAGAGAAGGGG,
2469,ACCCAGCGGGGCTGGGCGCG,
2470,AGGTCAACTCACCTCTGCAA,
2471,TAAGAGGTCAGCCTCCAAGG,
2472,CACCGCTTATTTACTATGGA,
2473,GACGCGGGACAGGTTAACCC,
2474,TTGAAGCCAAGGGAATGGCA,
2475,CTGGCGCGCCTGTTCGGGAC,
2476,GGGTGCGTGCTTGGCACCCC,
2477,GGGGAGGCGCAGGCTCGGAA,
2478,GCGCGAGCAGCAGTTGAAAA,
2479,GCCATTACTGAGCGGACGGC,
2480,GTGCCTGCTGTACAGGTGAG,
2481,GGTTGTGAGACTTGACTAGC,
2482,CTAACGCAGACAATGCCTAC,
2483,GGAAAATACTGGAGTTAAGT,
2484,GTGTTTGTTTTATATATTTA,
2485,CCTGGGCATTGCACTTGTCT,
2486,AGAAATGCAAATTCTCAGAC,
2487,GCTGTAATACATGGATTGGC,
2488,CCAAAGACTCTTCAGTATCA,
2489,TCTTATATTCAGTAGCTCTC,
2490,GCCACTGCTCCGTCTTCCTG,
2491,TAAATAACTTCCCCAATGAC,
2492,TTTGGGCAGTCTCCTGGAGG,
2493,CCTGGACTGAGCCGTGCTAC,
2494,AAGCGACTAAAAGGAGGCCG,
2495,TTGTGACTGTAAGTGTTGGA,
2496,GGCCCTGCCGTGCACTTCGA,
2497,TTGCTATTCCCACATGACCA,
2498,CACGTGGCTGGCAAGGAGAC,
2499,ATAGATCAGAGTTTTATCAG,
2500,TCTGGTATCGTTGCTGCAGC,
2501,GCCCACATGGCATAACAGCC,
2502,TACAGTGCTTGGTTCCTAGT,
2503,TTTACTCTGAACTAGCTCTG,
2504,TCTGAGCCAGGCATTGCACA,
2505,CACAGTCTGCCATATGGCAC,
2506,GTGATCCCAGAGTTGCCCTG,
2507,TTTCCCATTGAGGGGGAAAA,
2508,ACATTCCAAACTCATGCTCC,
2509,CTAAATGCCCCTTCTGGCAC,
2510,CCTGACTCGCATCCTTCCCC,
2511,TAAAGTGGATGTCAGCCACC,
2512,CCTTTCTCAGTGCCCTACAC,
2513,CGGTGGGGTCTGCGAAGAGC,
2514,GATCTAACCATGTGGTTGCG,
2515,GATGTGGGCTCAGGCTCAGA,
2516,GATGTATCGAGTTGCCCTCT,
2517,ACCCCTCCTAAGGGGTAGGC,
2518,TAGCTATCCACCACTCAGCC,
2519,GTTTTGGCCTCTGAAGGAGG,
2520,GCAACATATCCCAGGAGTTG,
2521,GCCATCTGCTTGGCCGATTT,
2522,GTTTCGGGTTCTGAGGTTTC,
2523,TCCAGGAGCTCACAATCTAG,
2524,GCTCGTTGTGGCACCGGAC,
2525,GGTCTATAGCAGGGCCGAT,
2526,TCCAAAGGAAAGGGCTGAGT,
2527,GGCAGAATCACTGTTCAGAC,
2528,AATAGCAAGAGAACTGAAAG,
2529,TTCCTGGGGATGCAGATGCA,
2530,CACTGGCCTTGCTATCCCCA,
2531,CATATGTTCTCTCATATAGT,
2532,ATAGGTGATGAGATGGCTCA,
2533,GGCTCCCTTCAACTTTAACA,
2534,GGTAGCTGACCCGGTCCACC,
2535,TTTAGGTAGTTTCCTGTTGT,
2536,GGAGCGGTCGGTCACTACC,
2537,ACATCCTACACTCTCAGCTG,
2538,AGTGGCACATGTTTGTTGTG,
2539,GTCAAGAGGGACCGGTCAAC,
2540,CAGGGTAAGTGGAAAGTCGG,
2541,AGAAGTTAAGTCACTGGCCC,
2542,GATAACCACAGGACCACCGA,
2543,CCCTCTCCGCACCAGACCCC,
2544,TAATATGAAACTGACTGAAT,
2545,TTGTTGTCCTAAATATTGTG,
2546,GCCACAGATGGGCTTTCAGT,
2547,GAGCGGCGCGCCCGGTCTAA,
2548,CCCTGCACTCAGTTTGCACA,
2549,CAGTCGCTCGGTACCTGCGC,
2550,CCACGTCAAAGGAGGCAGAA,
2551,CTAATATCCTAAAAATAAAT,
2552,TGGAAAGGTCTCGTGTCTTC,
2553,TCCCAAAGTTGAGAAAAGCT,
2554,TCTCAGAGCCTGGAGTGGGG,
2555,TTAACTCCTTTCACACCCAT,
2556,ACATTGAGAGCCTCCTGAAC,
2557,GGTGCGGCCCTCGGTTCCC,
2558,AACACATGATTATAAATGCT,
2559,ATCCGATGGGCTAATCTGGA,
2560,ATACATTTATATTACATATT,
2561,ATCCCAGCGGTGCCTCTAAC,
2562,GTACAGTCACATGCTTAGGT,
2563,GGCCTCCCTGGTCTAAGGAG,
2564,GCCCCTCGCGACATGCGTC,
2565,ACACCCACTACCGGTGAGTG,
2566,TGCAAACCCTGCATGTGGGA,
2567,AAGCCAGTGTGGACATCCTG,
2568,ATGTGTAGCAAAAGACAGAA,
2569,TCAGAGCAGACGTGGTTCTC,
2570,GAGGCGGCCGACGGCAACGC,
2571,GCTTACACGAGCAGCCCCCC,
2572,GTGAGTACAGTCACATGCTT,
2573,CTCCAGATGCACCACATCTA,
2574,GTGCGGGGTACACCGCCGAG,
2575,GAAGATGGTGACCACATAGG,
2576,GGGTATCAGATAAAACCCAA,
2577,ATAAGTTTGTGTGCATTTGC,
2578,CAAGAGAAGCTGACTTTTTT,
2579,TTACATGGCCAATCTCCTTT,
2580,CCTACAATGTGCACCGGATT,
2581,GGTTTTTGTGTTTCTGCTGC,
2582,ACTAGCAGACTAGTGGATTA,
2583,GGTGTGATCCCACGCTCACC,
2584,GAACAGATAGTCTAAACACC,
2585,GGCGATGGCCCGATTACGTA,
2586,CATGTGACTGACACCTCTTT,
2587,GGGCTCCAGGAACTCAGACC,
2588,CCAACTCTGACCACCTAGGT,
2589,AAAGTATGTCCACAGCTGAA,
2590,GAGTCTTGGTGGGGACACAC,
2591,TAATAAAGCGGTCTTCATCC,
2592,GAATCTAAAGGACGTGTACT,
2593,GTGAGGGACCGCGAAGTAG,
2594,TCTTGCCCAGTGTCTCCTTG,
2595,TCTGGACTGAGCCATGCTAC,
2596,GAATTTCAGAGGAGAGAAAA,
2597,GGTTGTGTACGTTTGTTGTT,
2598,CCAATGGGCGACAAACCTGT,
2599,GTCCCCTGGTGGAACCTGGC,
2600,TACAGTCAGACAGCCTGAGT,
2601,AACCGAGCACCGGGCACCCG,
2602,TACGTCACTGAGATAAGAAA,
2603,AGTGACTCCCACAACCACCA,
2604,CTGGGGATGGCCATTGAAC,
2605,CTCGACTTTAAAGGTAATG,
2606,GTTTTTGCTATTACTTTTAA,
2607,GCGGCCGCGGGAGGTGTACC,
2608,CTTGCCCCACTCCAAGCCCC,
2609,GCAAGAGTTGGAATATGGTA,
2610,TTACTAAGAGCTCTCTGCCA,
2611,GCACTGCTGCCTTCTCTCTC,
2612,CCTTCAGCTACCCCAAAATA,
2613,ATCTCTTGCTGCTCACACCC,
2614,TTTTTCAAAGCAGTGGGAGC,
2615,GTATTGCTCTCCATCACTTG,
2616,GTCCAGGGACTCGTGCTGCA,
2617,TGGTCTCCTGTTCTCTGCAG,
2618,GCAGCAACTCTGCGGCCCAT,
2619,ATTAGGTGAGAAGGATGGTT,
2620,AAAGCAGCCCTGCGTAGAAA,
2621,CATATGGACCTGCTAAGCTA,
2622,TAAATGTCACCGGGAGGATT,
2623,GGGTTGAGGACCCCTGCTCT,
2624,GGGTGCACGTGACGCCCCTC,
2625,ATACTGAGGGTTAGTGGACC,
2626,CTCTCCGTGCTACCGCACTG,
2627,GCATTACCGACACCGCGCCG,
2628,CTGGGGTAGCCTTCAGATCT,
2629,GATGAGAAAGGAATCGGCAT,
2630,ATAAGGAAATAAACTCAGGG,
2631,TCTTCATATGAACAGCCACA,
2632,GCGTACAAAGCGTCCCGCCG,
2633,AAGTTTCCAAATTGTTTGAA,
2634,CTCAGTCGGATGGAAACAA,
2635,AGAGTTAGTGGGCTAGAGAG,
2636,CAGTATTGGAGGAAGGGCCT,
2637,CTAGCACTTCCCGAGCCCCC,
2638,ATACATTTTGAATATGTATG,
2639,GGAACAGGGCGAGTGACCC,
2640,AGGTTTTCTGACACAGGCTG,
2641,CTCCTAAAGGTTCAAGTAAA,
2642,GAGAAATACATTAATATGGA,
2643,GCGACTCAGTGGACGGAGAC,
2644,CATGGCCCATCCCAGCCCCC,
2645,GGTACACCCAACTCCCTCAC,
2646,GCCTACAAAGTCCCAGTTCT,
2647,GCCGTCCAGACTCCATAGG,
2648,TACTGGGCACAAACATGTCC,
2649,TAAAGCGCGGGCTGTCCGGA,
2650,GGCCGTAGATTGTGCTTCAG,
2651,ACTTGTGCAGGGCATGTCCA,
2652,CCTATAATTCTAGATAGTAA,
2653,AGTTTAGAGATGCACCAACC,
2654,TCCCCAGGCTCTGCAGTGGG,
2655,CTGACTAACTCCCACTCTAC,
2656,CTGCAGAGCAAAAGACACGA,
2657,TACAAGTACAAGGTGAAGCT,
2658,AAGCTCCAGTGACCACCCCC,
2659,GCCAATGAAAATCTGCCCTG,
2660,GGTGTAGTGGGCGGACCGCG,
2661,GTGGAACCAAGGTAAACACA,
2662,TCTTCTGCTCTTAAATCCAC,
2663,GGGATGACCCTTGTGGGCTC,
2664,GTGACCGCAGATGGGAAGGA,
2665,GTGACCCCGGGCTGCTCTGG,
2666,TCAGGTCTTCAGCAGAAGCA,
2667,GAGGTTCGCGTTCTGAGCCC,
2668,GGGGCTTCAGCAGGAACAGC,
2669,ACCACGATATCATACCTCCC,
2670,GCTCAGGTCCGGTTTGTGCG,
2671,TGACGACGCTCCCTGCTGCC,
2672,TACACAACGACAGTTAAACT,
2673,CTCAACAACCGCACCTGGTA,
2674,TACACTACAGAAGCAGCCAT,
2675,GGCTACGCCTTCTGTTCTCG,
2676,TATGTGAGTCTCCAGGGGAT,
2677,GAAACAATCGAGACAGATCT,
2678,TCCTCCCTCTACTGTCCCAG,
2679,CAGCCCCATGCAGTGAGTCG,
2680,ACAGTTAATCCTGGGAAAAC,
2681,GCCCCTTGCTCCAATGGTGC,
2682,CGGCAGACGCGCCCCAACAC,
2683,ATCCTTTGAGTTGCTTCTCA,
2684,CATCACTTTGCTTCTCTACA,
2685,ATACCCCATGGTTTCTGAGC,
2686,GTTAGTACCCAGTGGTAAGG,
2687,GGTGAATTCTCTGCAGACCC,
2688,GGGAGCCCAGAGACGTCCTA,
2689,GATGATGTGGGAGAGGAACA,
2690,GAGAGTCACACGTCCCGTG,
2691,TGACACAGTCGTGCTTTTGG,
2692,CAAAGGACAGTTACCAGTGT,
2693,GTTGCGGCCAAATTACGGC,
2694,AGAGTCTGATATTCAAAAAG,
2695,TATAATTGAATGGCGCCACT,
2696,AAACCTCTACTAAGTTCCCA,
2697,GCCTCTACAGGACAAATGAT,
2698,CCGCTCTGGGGTCACCTGTC,
2699,TTCCATAGGTGATGAGTCAC,
2700,TAATCCCAGAGACCACTGTG,
2701,AAATTCTCGGGCCAGACTCC,
2702,AACCCCCATCTCCCCCACCT,
2703,AGGCACTGCGGCCCAGGGTC,
2704,TTCTTTAATAGCAAATGACG,
2705,GAACCACGTCTGCTCTGAGC,
2706,GAGGCCAAGACCTTGGGAAT,
2707,TTCACATGAGTGCATGCACA,
2708,GCACCATCCTAATAGTCTCA,
2709,CATGTTACAATGTGATCTTT,
2710,GGGTCTGGGAAAGAGAAAAA,
2711,TTGCACTCTGGCCTTCTCCC,
2712,AGGATGAGATGGTCCCCGCT,
2713,TGGTTCTGGAGGACAGACCT,
2714,CAATACTGCCGGAATGAGGA,
2715,CTGAGCTTGGCATCTGATTT,
2716,CTTATTTTTCTTCATATACC,
2717,GTGGTGCTCAGATCGCCTCT,
2718,CTGTACCACTTCCCTATCC,
2719,CTGTGAGCTCAGTCGGCTGG,
2720,CTGGGCACAGAGTAGGTGCC,
2721,GAGAGAAATTTATTCTTGGT,
2722,AGGCGGTTAAGCCATGGGAC,
2723,AAGAAGGTCTGGTTCTCACC,
2724,TTCTTTCCTTGCCAACATTC,
2725,CAAGAAGGTAAATTTTTCTT,
2726,GACTGTGGACAGTGAGGTAG,
2727,CCGTCTTCTTACTGAGGCCC,
2728,ATTCAGACTGACAGATGTTC,
2729,TGTGGGCATGGCCTGAGACC,
2730,TGACATGCGTTTAACGGCCG,
2731,GGCTCCCCAGGCTCTGCAGT,
2732,GCTGCGGACCTGCGTCCCTC,
2733,CAGGAAGAAGTGGACAAGTG,
2734,TGTTTGCACTCTGCCAGTTT,
2735,TGCATGGCATCGTCCCCTGG,
2736,CCCTGGGAGGTGTGATATCA,
2737,TGAAACAAGTTATATTAGGT,
2738,TGGCAAAAAGAAGTGGTAAT,
2739,CTATGAAAGCCAGGCTCTGA,
2740,AGGAGGCACGTCCAGGGGGT,
2741,TCTTAGATAAAATGCCTCCA,
2742,TCAGCCTGTGACCCTCTAGA,
2743,ATGTACACGAAGCTCACACC,
2744,CCGAAGCCTGCCCGGCTCCT,
2745,CTTGACCTCCGTTGCGTGAC,
2746,AGGCGAAGGCGCCGCCGAAC,
2747,TGTATTTTGTAAGATTGGAG,
2748,CATTTCGACATGTATTAGGT,
2749,AGCGACGATCCCCGGGCCAC,
2750,TTGTGCTTGATCTAACCATG,
2751,TCAATGATCTCACTTTGGGG,
2752,TAGTCTCAGAGCTACAGAAA,
2753,TCAGGCTGTGATTTCAAGCC,
2754,GACAATCCACGAACAGGAAT,
2755,ATTGTCTTCATATCTAGAAC,
2756,GCAGAGGGTGTGAGCCAGCC,
2757,CGCGTGGGTGTGTCGGCGGC,
2758,GCGGTCGTCACCGGTGGAAC,
2759,GAAGAAAGTCAAATTGCCG,
2760,GGTCTGTAGGAGACAGGGAC,
2761,TATAGGAAGGCAACCATCTC,
2762,ACTAATCCAAGATCCATAAC,
2763,TGGTCACAAATTCGTATCTA,
2764,TTACGGATGAGCAAAGAAAG,
2765,CCAAAGGAAAGGCAAGGCAC,
2766,AAGGCAGTGTGTTAGGTTCA,
2767,GTAACCAAGGTAAGTGGGCT,
2768,TTGAAATGCGTTACATTCAA,
2769,CCCATCAGGGCTTGTGGAAT,
2770,GAGGCGAACCTCCGAGGGGT,
2771,CGGCAGCTAAACTGCTACAT,
2772,GTCACAGAATACCATGCGAA,
2773,GTGGACTGGCACCAGTCTGC,
2774,TTTCTGAATGCAGTGCACCC,
2775,GACTACGTTCGGTACGACTC,
2776,TAATACATGGATTGGCTGGG,
2777,ACATCAGCGAAACAGGCAAA,
2778,CCCTGTACCTTAAATAGAGT,
2779,CACCCGCTACCTGGTGTTAG,
2780,GTGTAGTGTTTCCTACTTTA,
2781,CAAGGCCACTGGGACAGTAG,
2782,GCCGAGGCTGTTCTGAGCCT,
2783,TCTGATCTTTACTGAGTGAG,
2784,GTCGTAGATTTATAAAATCA,
2785,GGTGCACCAGTTCTGGCCGC,
2786,CGCCTGTGTGATGATGGAGC,
2787,AAAAGGCCTGCAAACCAGGG,
2788,TCTACATCCCACCTAGTAAG,
2789,CTGTGTTTTCCCTGCTCTGT,
2790,GTGTGTTGAGGAAGGAAGGC,
2791,TATCACTTGTTATGTGACCC,
2792,GTGATATCGTGGTTCCTGGG,
2793,TGGCCAGTTAGAGGCACCGC,
2794,AAAACTACCTATTTATGTAT,
2795,TTTGCACCAACGTACTGTTT,
2796,AGATACTTTTCAACTCTAAT,
2797,AGACCAGTACTGGCTGAGTC,
2798,ACCCTACACCAATCTGCCCC,
2799,TTGCTGAGTGGGTTGATCTC,
2800,TCATTTCATTTTTTGAGCCC,
2801,CGGCGGTTCGCATCAGCACC,
2802,ATGTGTGTTATGGCACAGTC,
2803,GATCCTACGCAGGAGCCCCG,
2804,TACCAACTGACTGTCCCAAC,
2805,CTGTAGGTTCATGATACCG,
2806,AATTCACTTTAGGAAGTCCT,
2807,GGAAGCGAGTCTGCCAATAT,
2808,CTCAGGCTGTGACCTTCTCG,
2809,GCTGGGCGGTAAGGAACGCG,
2810,AGTGATCTTAAATATTAGGT,
2811,ACAGGACCATCGAGGACCTG,
2812,AACCTGGAGGACATTATCTT,
2813,GGTACCAATTTGGCCACAAT,
2814,TCTCACCAAGCAAGTGTCGT,
2815,GTTTTTGTCATTACTTTCAA,
2816,CAGATCTCCAAGGGGGACCC,
2817,TTGACTCTATTTTCTGAGAG,
2818,GGATATGTGTCTCAGTGAAG,
2819,TGTTTGATGGTTAATCATAG,
2820,ATGGCACCACTGTGCCCCAA,
2821,GACTCTGCCGGGGATCACCG,
2822,ATTATGAATAATATCACAGT,
2823,GTCTTGGTGGGGACACACGG,
2824,CACTTCCATGTTAAAGTTGA,
2825,GCTTGGTACTTGGAGAGAGG,
2826,AACCCGTAGATCCGATCTTG,
2827,GTGAGTGCGGCGTTCCGGCC,
2828,GGTGTATCGCTTTGGCAAC,
2829,TTAGCTGAATAGAAAGAATG,
2830,TCTCCGCATGAACTCGTACC,
2831,CGGTGTCCCCTGGTGGAACC,
2832,ACTGATGTCTGTAGCTGAGA,
2833,GTGGGATCCGTTCCGGAGCG,
2834,CCCTGCAGCGGTCAGAGGAT,
2835,CTACCATTGCCAAAAACGGG,
2836,GCCTCCAAGGTATCAGTCAC,
2837,ACAGTCACCTCTATAGGTAG,
2838,CGCCCCTGACTGTCACCTAC,
2839,TTTGGGTGCGGGAGGAGGGC,
2840,CTGTCTGAATGCAATGCACC,
2841,CTTGGGGCTTATTTAGACAA,
2842,ACAAGTCCCAGGGGGCCTGG,
2843,ACCTCCCACTGCAGAGCCTG,
2844,TGATTGCCACTCTCCTGAGT,
2845,GGGCGGCGTGATAATCGCC,
2846,TCCTTTCCAGGACGCTGCCA,
2847,TCGTGCTGTGACCCTCTAGA,
2848,ACATGTGACTGACACCTCTT,
2849,ACACAAACTGTGAAGTGCTG,
2850,GCTAGGTGATCATCAGAATA,
2851,GCATATGAGGGCCGCTAATA,
2852,TAAATAAAGCGAATTCACCA,
2853,AAATGTCTGTCAGGTCTATC,
2854,AGTGTTCAGACTACCTGTTC,
2855,ATGTATTTTGTAAGATTGGA,
2856,GTGCTCAGTGTCTTTATAAC,
2857,ACAACTGACTACTTCGAAAA,
2858,TGATGACCACTGTGGTGGGA,
2859,CCTCGCGGCTGTCACGTCTG,
2860,AGTGACGCTCTGCATATGCC,
2861,TGGCATCCATAGAGGCCATT,
2862,TGTCTGGTAACGATGTTCAA,
2863,CACCGCTGCCTCCTTCCCCA,
2864,ATGGCGCATGAAGAGGAGAC,
2865,CAGCTTTGCGAAGTGTTGTT,
2866,GGGCTCCATGAAACGCAGCA,
2867,GACAGTGACTACTTTTAGGT,
2868,CAGTATTTGGCTAGGCCCAG,
2869,GGTGAATTCTCTGCAGACCT,
2870,GTTTTACTGTTTATTTGGAG,
2871,ATGTACTCAAAATATTAGGT,
2872,TCCAGGACAATGGTGAGTGC,
2873,GAAAGAACTGGCACGCCCA,
2874,CAAGGACAGCAAGAAAAATG,
2875,CAGAGAGAAAGATCTGGAAG,
2876,GTGCCCGGCCCCTTCGATCC,
2877,TCAACAACTAGCCAGTACGA,
2878,GGCTGGTACAAACATAATTG,
2879,CCCATAGAAGCGAGCTTGTG,
2880,ATGTGTTACTCCACTCTTAG,
2881,TCATGGCAACACCAGTCGAT,
2882,GGCCTGGGGAGGAGAGGTCC,
2883,GTAGCTATTTAGTGTGATAA,
2884,TGCTTGCGGAGGACTAGGCA,
2885,AATAATTAGGGCTGCCCCAG,
2886,TCAATCTGCAGGGACACGGC,
2887,TTGGGAGTCTCTAATACTGC,
2888,GACATGAAATAGGAAGTCAT,
2889,TTGAGTTGGCCATCTGAGTG,
2890,GTACCTAATCCAAGGCCGAG,
2891,TCCCTGGAGGTTACAGGCCG,
2892,GAATCATGGCATAAAGGTA,
2893,ATGTCACCAGCTCTCTCTAA,
2894,ATCCCCTCGGAGTCAATGAA,
2895,GCCCGGATCCTATAATCCCT,
2896,GCCCACACGTTAGTACCCAG,
2897,GCTAGGCCAGGTGGGTATGG,
2898,AGGATTCCAGTGAGGGAGTT,
2899,GCCGCCAGCCCTCTTAACAT,
2900,GAGCCACGCAGCTAAGACCA,
2901,GTATGTCTCTTTATCTCATT,
2902,TTAATCTCGCAGAGCACCCC,
2903,GGTACAGGCCGTTGTAGAG,
2904,ACTGACACCTCTTTGGGTGA,
2905,GGTCTGGAGGTACCTGCAGG,
2906,GGACGCATCATCTGGTACC,
2907,CACCCCAAACCCCAAGCAGC,
2908,AGAGATGAGAGAAACACCCT,
2909,TTTTTTTTAATGGCAAAAAC,
2910,TTTTTGCTATTAGAAAGTAA,
2911,GAAAATGTCTTCAATTTTAA,
2912,ACGGAGATGCGAGGACCCCT,
2913,CTATGGAAGAGGATTCTTAT,
2914,CTACGACAACAAGTCACAGC,
2915,ATAGACTCGAGAATTGCGTT,
2916,GTTCTTGCCTTTACTTTCAA,
2917,ATTTGAATTTCAGATAAGCA,
2918,GGACGTCCAGACTCAACTCT,
2919,AAAGAGAAATTATTGTACAT,
2920,CACGCGGACGAGCCCGCGTG,
2921,CTTGGTGGCAGCCCACCATG,
2922,GGTCGAAGTCATCCACACCA,
2923,AGATATATATGTATTTTTGG,
2924,ATCTGCAGGTCTTTGCCCGG,
2925,AGCCAATTTTGCATCATATT,
2926,ATGGGGATGGCTGATGATGA,
2927,TTGGGGTCCTCACCAAGCTT,
2928,GACTGAGGACCGCCAGGCAG,
2929,AAGAAAGTGCTTCTCTTTGG,
2930,AGGTGGTGGCCTCGGATGAC,
2931,TCACTCTGTCACACCCTGGT,
2932,CACATACCCAGAGCACTGGC,
2933,GGCTTGTGTGGCCGTTCGG,
2934,GATCTTTGCTGGCAAGCAGT,
2935,CCGATGTAAAATTTCTTCCC,
2936,GCCTGTGTCCACCTCCAGGT,
2937,ACATCAGCTAGCGGGAGACA,
2938,CATTCCCTCATCTCTGGGCA,
2939,ATTAGGAAATGAGGCTGGCT,
2940,AGGGGCGTCAAGATGGCGGC,
2941,ACTCCAAGCCCTGGGCTAGT,
2942,GGTGTACCATGTGCCCTTAA,
2943,GATAGCGGCGTTACCGCCT,
2944,GCGTTTTCGATGCGGTGCCG,
2945,CTTCAGAGCAACAGAGAGGC,
2946,GGTGGTGGCCTCGGATGACG,
2947,AACTTTCTAATATCTCCTAG,
2948,GGACATGGAGAAGGCTTCTG,
2949,TTAGACTGCCAGACTCCCTG,
2950,TTAGGCTGGTGCAAAAGTAA,
2951,CTTAGGTAGTTTCATGTTGT,
2952,CATGCTAGGATAGAAAGAAT,
2953,CCATTACTTTAAAAAAAAAA,
2954,TTTGAAATCAGTGTTCTTGG,
2955,GATGGCGCACCGGGCGCAT,
2956,ATGCTGCTCGGCTGTTCCTA,
2957,TCAGTGGAAAGCATGCATCC,
2958,CCATAACAACCAACAGAGTT,
2959,CACCTGGGCCTGCAGGATCC,
2960,GGTTTAGAGATGCACCAACC,
2961,AACCCTGCCCAGGCAGCGTA,
2962,CTGAGGAACCTCGGGGCATG,
2963,TCTGGCTGGTCAGATGGGAG,
2964,AATCGGCCTCCGACCCCGGG,
2965,CTTCAGGCTCCCAAAGTCCC,
2966,TAGTAACACCTTCACTGTGG,
2967,TAAGTAAGAGGATTTGTGCT,
2968,GTTGGCTTTTGCATGACCCC,
2969,TTTGTCAACACTTACAACTC,
2970,GAAAGTTCAATATTGGGCAT,
2971,TCAGATCAAGCCAAGGGTTT,
2972,GGGTGTGGCTACAGGTGCAG,
2973,AGTGACTCATGTGCTGGCAG,
2974,TTACTGAAGGGAGAAAAGCT,
2975,TGTTGGGAGTTCAGGGCCGA,
2976,AAAATACTTCTTGCAAGTGA,
2977,GCCCAGTCGTCGCGGGTACC,
2978,TGATTGTCACTCTCCAGAGT,
2979,GCCTCCATGTTAAAGTAGAG,
2980,CCCCTGGGGGATACGGGAGA,
2981,GATTTGGACAGAAAACACGC,
2982,TGTTAGAAATGCACAACCTC,
2983,ACTGCTGATGGCCTGTCATT,
2984,TAATTAGAGTCTGGCTGATA,
2985,TTTCTTTTAGACAACAGAAA,
2986,GTGATATTAATTGCCGGAG,
2987,CAGCTGGCAGTTATTTTATT,
2988,GCACTTAGTAAATATTAGGC,
2989,CACAGCTGTGTCGGGGAGTC,
2990,GTGGTGGCGGCGGTAGTTAT,
2991,GCTGCTCAGGCAGGAGAGCA,
2992,GACTTAACACGAGACCCAAT,
2993,GGCTGTGCTGTAATGCAGCA,
2994,GATTCCTCCATCAGGAGTCA,
2995,CTAAACAATTCTAAGTGCCC,
2996,GCAGGAAGATCGAATTACAT,
2997,GCTGGCTCTCGGGCCCAGCC,
2998,TGTCTTACAGCTTCCAGTCG,
2999,TGGCTGGATTCAAGTAATCC,
3000,CGTGCTTGGAAATGATGTAT,
3001,CCGAGTACACAGGTAAGCAG,
3002,GTTGCGGCCAAGCCCCGGA,
3003,GCTCGTTGATGTGCTGCGGG,
3004,TTCTAATTTCTCCACGTCTT,
3005,GTCTATACAATTAAGGCACG,
3006,GCGCCCGTCCTAGTGGCCCT,
3007,GAGGCGAAAATGTTACCGGC,
3008,TTGGGCAGGACAGGCAGAAG,
3009,TTCTGTGGAGTCCTGGGGAA,
3010,AAGGCAAAGTGTTTCTCAAA,
3011,CGAGGGCGGCCTGGAGAGCT,
3012,TGAGTCAGTGTTGTACATCT,
3013,GGACTCATCGAGGGTGGTGG,
3014,GTAGGTCTGTACCAAGACCA,
3015,TGTTTGAGAGTGCCATTATC,
3016,GGGGTGTAGTGGATAGAGCA,
3017,TCAAATAAAAAGGACTTCAG,
3018,GTGACGTTGAGTGCTACGGC,
3019,GACTTTGCATTAATAGGTCA,
3020,AAATTTCACCTTTCTGAGAA,
3021,GAGTTTATAGTAAGAAGAAT,
3022,AAATCTGAAATCACCAATAA,
3023,GTGTTGAGAAGGATCATGAT,
3024,TACGGCTCGGACCCCGCAG,
3025,TACATCCACGTTTAAGTGGT,
3026,CTGTGATCTATGGCTTTATT,
3027,TCAGTCAGTGAATTACCGAA,
3028,GTCCCTGCGGGGACAGGCCA,
3029,CGTCATGAGAATGTGGAAGG,
3030,TCAGAGCTTGTCTGTCCGTT,
3031,AAAAGTATGGCATGGGTACC,
3032,TTAAAATCTCCGGTTTAAAT,
3033,TGCACGCCTCTGCAGAGAAC,
3034,GCCAAGAACACTACCATATA,
3035,TACATATATATATGTTTGTA,
3036,GGTCCCAATGGGCCTATTCT,
3037,GTTCATTTCAGAGCCACTGC,
3038,GCCCTTTGGCTTCTCTGGTC,
3039,AGGTGCCCTGGTTCTCCGTG,
3040,AGCATTTGATACTGAAAACA,
3041,GAGAAATTAGGTAGTGGCAG,
3042,TGAGCTGAGCTTGGATGAGC,
3043,CTCTGTGCAGCAAATTTATT,
3044,GGGTCCCTCACCCAAAGCCC,
3045,AACTGCCCCAAGGATTTGCA,
3046,TTTCTATGAGTCTAGTTACT,
3047,CAGTGACTGAGCTGGAGCCA,
3048,TTGTTAGAGAGGTCATCGCT,
3049,TTATTTATGGTTAAACATAG,
3050,AGGTACCCGACCATAGAGCA,
3051,GCGCGGATTAAGTAGTCCA,
3052,TACATTAGCATAGGCCATAT,
3053,TGTGTGTGTGTGTGTGTGCA,
3054,AAGACGTGGGAACTCGAGCA,
3055,GGGCCCGCGTCTAGATGACG,
3056,TTCAGAAGGAGAAGCGCCTT,
3057,CCAGCTGTGGGGAGACGGGC,
3058,GATGCCGACGCGCACGACCA,
3059,GGGGCCTCAGACCGAGCTTT,
3060,CTAATGAGCTAGATTCTACC,
3061,TGTACCATTTGCACTCCCTG,
3062,AAATATCCAACTCATCTTCA,
3063,CCATGGGACAGGGCCGCAGA,
3064,GGAAGATTTGTGGGTGTACC,
3065,GCCCTCTGTATTCCCTCTGC,
3066,AGAATGACAGACGCTGTACC,
3067,GTCGCCCTTGCTCTGTGCGC,
3068,TTGATCTACACTTTAGCTTC,
3069,ACCCCAAGACACATTTGGAG,
3070,TTAGGTGAGAAGGATGGTTG,
3071,GGGATAGGTCGAGGCATGAA,
3072,GTACATATATATATATATTT,
3073,GCGAGTGGCCGGCTTTAAC,
3074,GAAAACGGAGCGCACGAAA,
3075,TCACAGGGTGTACACACATG,
3076,CTCACAGGTTCTCAACCAAA,
3077,GGGGTCTCTGGTTGCACTGT,
3078,GCATGGCCAAGAGCAGGGGA,
3079,ACCTTAAATAGAGTAGGCAA,
3080,GATGTCGCAGATACTGCATC,
3081,CTTCGAAGGCAGGCACAGAC,
3082,TGTGTGACCACCGTTCCTGC,
3083,TGGTTATCTAGCTGTATGAG,
3084,CGTCTCAAATGAGTCTTCAG,
3085,GGATTCGCGCCACGTATGG,
3086,TAACCCCGGGCCGGAGGTCA,
3087,ATAATTTGGTAATATATGTA,
3088,TTGCTCATGTCGAATCGTAC,
3089,TCATTATAACCGATTTCAGA,
3090,TCGCCCCACGAGGGGGACTG,
3091,ATGCTGCTATCGTTCCAAAG,-
3092,ACATACTATGATGTTTACTA,-
3093,GTTACTCCCAAACAAGAGGA,-
3094,GTCGCGTGCTTTGGGCCAA,-
3095,TAATAATGGGTAAGATTAGA,-
3096,AGTAGCAATAATGGTGGCAG,-
3097,GGTCCTAGGTGGAGGTGTAG,-
3098,TGGCTTTCTTAGAGCAAAGA,-
3099,TGTTGCCAATCGACTCGGCG,-
3100,CGCTAAGAGGAAGCAGAAGT,-
3101,GGTATCAGATAAAACCCAAA,-
3102,AAGGCGGATCCAGTATGGA,-
3103,CACGGTGCCGGTTACACAGT,-
3104,ACAAGAGAAGCTGACTTTTT,-
3105,TTGCATATTAGCAACAGTAA,-
3106,GAAACTAGTAATGTTGGATT,-
3107,GGTGTCTGTCATGACGAAGT,-
3108,TGAGTACCGCCATGTCTGTT,-
3109,AGGTTGTGCCCATTGTCTTG,-
3110,GCTGCATGCTCAGACAACCA,-
3111,CGTGCGCTATCTTACGCTAT,-
3112,CTCCCCTGGATGTGCTGCGG,-
3113,GGAAGAAGGGCTGGGCTGGC,-
3114,TCCATGGGATGGAGCTCCAC,-
3115,GAAGATTATAGTTGTCGAG,-
3116,GCACTATTCAACTTCAATCC,-
3117,TCAGGGAAAAGGTCATTGTA,-
3118,ATTATTGACTAATTAGAGTT,-
3119,CAATAAACATTCAAAACTAA,-
3120,GCATGACTCTACTGTAGTAT,-
3121,TGGGGGCCAGTGAGTGGCAG,-
3122,CAAAGAACCTATGCTCTAAC,-
3123,AATACTTCACAGTTATGGAC,+
3124,TTGTAATAGGTTCAATGGGC,+
3125,CCTTCAGAATGATATTAGGC,+
3126,ATACTACTTCCAATGTCGCA,+
3127,TTCTGACACGTGGACCTGGC,+
3128,GGGCCGGTACCGACGAACG,+
3129,GCTGCGAGCGAAAATCGAAT,+
3130,TATATTGTCTGTCAATTCAT,+
3131,TTCAGACTATATATTTAGGT,+
3132,TCTGTACCCTCGAATGAGTA,+
3133,AGAAGCATTCTTTCATTGGT,+
3134,CCTGTGCCAAAGGAAAGGCA,+
3135,AACTTACAACTGTAACTAGA,+
3136,CTGTGGAATGTCAGGGAGGC,+
3137,ATAGCATTGTATGTTCATAT,+
3138,GACTGAGAGAAATTTATTCT,+
3139,ACTCTGGCTTTTAACTTTGA,+
3140,TAAACAGGCTTTTTGCTCAG,+
3141,GGGAGTGCATTAGCGCAAGA,+
3142,TATAGGACTCATATAGTGCC,+
3143,TGCCAGGGTACCATATTTTG,+
3144,ACAAATAGCTTCAGGGAGTC,+
3145,TGGATGTCCTCACAGGTTAA,+
3146,AGGAAACACAGAAGGATAGT,+
3147,GTACGCCGGCTCCGACGAG,+
3148,AATAAAGTCTCATGTAGGGA,+
3149,TATGAGAAGCCATAAACGCC,+
3150,TGTGTGTGTGTGTGTGTGCA,+
3151,TATATATATATATATATATA,+
3152,TGTGTGTGTGTGTGTGTGCA,+
3153,GGTTGGTGGAAGAGTAATTG,+
3154,CTGCACCAGCCTAATATTTG,+
3155,CGGTTTTCGCATTACTTTAA,+
3156,GGCTGGTGCAGAAGTAATTG,+
3157,CATTGAGCAAGTGAAGTATG,+
3158,CACTGAGCAAGTGAAGTATG,+
3159,AAATAAAACAAAATCAAACA,+